the		
be		been	is	are	was	were	am
of		
and		
a		an
to		
in		
he		him	his
have		has	had
it		
that		
for		
they		
I		me	my
with	within,without	
as		
not		
on		
she		her	hers
at		
by		
this	these	
we		us	our	ours
you		your	yours	yourself
do		does	did	done
but		
from		
or		
which	whichever	
one		
would		
all		
will		willing	willingly	unwilling
there		
say		says	said	saying
who	whoever	whom	
make		makes	made	making	maker
when	whenever	
can	could	
more	moreover	
if		
no	nobody	nowhere	
man	mankind	men	manhood
out	outline	outside	outward	
other	otherwise	others
so		
what	whatever	
time		times	timely
up		
go		goes	gone
about		
than		
into		
could	can	
state		states	stated	stating	statement
only		
new	news	newspaper	newly
year		years	yearly
some		
take		takes	took	taken	taking
come		comes	came	coming
these	this	
know	knowledge	knows	knew	knowing
see		sees	seen	seeing
use		uses	used	using	useful	usefulness	useless	user
get		gets	got
like	likely	likes	liked	liking	unlike
then		
first		
any		
work		works	worked	working	workings	worker	workman	workshop	workmanship
now	nowadays	
may		
such		
give	gift	gives	given	gave	giving
over	overcome	overflow	
think		thinks	thought	thinking	thinker
most		mostly
even		
find		finds	found	finding
day	daily	daylight	days
also		
after		
way		ways	wayside
many		
must		
look		looks	looked	looking
before		
great		greatcoat	greatly	greatness
back	backward	backbone	background
through		throughout
long		
where	wherever	
much		
should	shall	
well		
people		
down		
own	ownership	owns	owned	owning	owner
just	justice	justly	unjust	unjustly
because		
good		
each		
those		
feel		feels	felt	feeling
seem		seems	seemed	seeming
how	however	
high	height	heighten	highway	
too		
place		places	placed	placing
little		
world		worldwide	worldly	worldliness
very		
still		stillness
nation	native	international	nations	national
hand	handkerchief	handle	handshake	handwriting	hands	handy
old	old-fashioned	older	oldest
life	live	lives
tell		tells	told	telling
write		writes	wrote	writing
become		becomes	became	becoming
here		
show		shows	shown	showing	showy
house		houses	household	householder	housewife
both		
between		
need	necessary	necessity	needs	needed	needing	needless	needy
mean	meantime	meanwhile	meant	meaning	means
call		calls	called	calling
develop		develops	developed	developing	development
under	underneath	
last		
right		rightly
move		moves	movement
thing		things
general		generally
school		schools
never		
same		
another		
begin		begins	began	begun	beginning	beginnings
while		whilst
number	numerous	numbers
part	particle	parts	partly	partial	partially
turn		turns	turning
real	realise	really	reality
leave		leaves	leaving
might		
want		wants	wanted	wanting
point		points	pointed	pointer
form		forms	formed	forming
off		
child	childhood	children	childish	childlike
few		
small		smallness
since		
against		
ask		asks	asked	asking
late	lately	later
home	homecoming	homemade	homework	homes	homely
interest		interesting
large		largely
person		personal	personally
end		ending	endless
open		opens	opened	opening	openly
public		publicly
follow		follows	followed	following
during		
present	presence	presents	presented	presenting
without	with	within	
again		
hold		holds	held	holding	holder
govern	governor	governs	governed	governing	government	governments
around		
possible	impossible	possibly	possibility
head	headache	headdress	heads	headed	heading
consider		considers	considered	considering
word		words
programme		programmes
problem		problems
however	how	
lead	leadership	leads	led	leading	leader	leaders
system		systems	systematic	systematically
set		sets	setting
order		orders	orderly
eye		eyes	eyeing	eyed
plan		plans	planned	planning
run		runs	ran	running	runner
keep		keeps	kept	keeping	keeper
face		faces
fact		facts
group		groups
play		plays	played	playing	player	playground	plaything
stand		stands	standing	stood
increase		increases	increased	increasing
early		earliness
course		
change		changes	changed	changing
help		helps	helped	helper	helpful	helpless
line		lines
city	citizen	cities
put		puts	putting
close		closes	closing	closed
case		cases
force		forces	forcing	forced
meet		meets	met	meeting
once		
water		watercourse	waterfall	waterpipe	waterproof	waterway	waterworks	watery
upon		
war		wars
build		builds	built	building
hear		hears	hearing	heard	hearer
light	lighten	lights	lighter	lightly	lightness
unite	union	unit	unity	unites	united	uniting
live	life	lived	living
every	everybody	everyday	everyone	everything	everywhere	
country		countries
bring		brings	bringing	brought
centre		centres	center
let		
side		sides	sideways
try	trial	tries	tried	trying
provide		provides	provided	providing
continue		continues	continued	continuing	continuous	continuously
name		names	nameless	namely
certain	certainty	certainly
power		powerful
pay		pays	paying	paid	unpaid	payment
result		results
question		questions
study	student	studies	studying	studied
woman		women
member	membership	members
until	till	
far		faraway	farther	farthest
night	tonight	nights	goodnight
always		
service	servant	serve	services	servicing	serviced
away		
report		reports	reported	reporting	reporter
something		
company		companies
week	weekday	weekend	weeks	weekly
church		
toward		towards
start		starts	started	starting
social	society	socially
room		rooms
figure		figures
nature		natural	naturally
though	although	
young		youngster
less	lessen	
enough		
almost		
read		reads	reading	reader
include	inclusive	includes	included	including
president		presidents
nothing		
yet		
better		
big		
boy		boys
cost		costs
business	businesslike	businessman	businesses
value	valuable	values	valueless
second		seconds	secondhand	secondly
why		
clear		clears	cleared	clearing	clearly	clearness
expect		expects	expected	expecting	expectation
family		families
complete	completion	completes	completed	completing
act	action	active	acts	acted	acting	activity	activities
sense	sensitive	senses	senseless	insensible	sensation	sensible	sensibly
mind		minds	minded	minding
experience		experiences	experienced
art		artist	artists	artistic
next		
near		nearly
direct	direction	director	directs	directed	directing	directly
car		cars
law		laws	lawful	unlawful	lawfully	unlawfully	lawless
industry		industries	industrial
important	importance	
girl		girls
god		gods	goddess	godfather	godmother
several		
matter		matters
usual		usually
rather		
per		
often		
kind		unkind	kindly	kindness
among	amongst	
white	whiten	
reason	reasonable	reasons
action	act	active	actions
return		returns	returned	returning
foot		feet	football	foothold	footpath	footprint	footstep	footnote
care		cares	cared	caring	careful	careless
simple	simplicity	simply
within	with	without	
love	lovely	loves	loved	lovable	lover	loving	lovingly
human		humans
along		
appear	appearance	disappear	appears	appeared	appearing
doctor		doctors
believe	belief	believes	believed	believing
speak	speech	speaks	speaker
active	act	action	actively
student	study	students
month		months	monthly
drive		drives	drove	driven
concern		concerns	concerned	concerning
best		
door		doors
hope		hopes	hoped	hopeful	hopeless
example		examples
inform		informs	informed	informing	information
body		bodies	bodily	bodyguard
ever	everlasting	
least		
probable		probably	probability
understand		understands	understood	understanding
reach		reaches	reached	reaching
effect	effective	effects
different	difference	differently
idea		ideas
whole		wholly
control		controls	controlled	controlling
condition		conditions
field		fields
pass	past	passes	passed	passing
fall		falls	fell	fallen
note	notebook	notes	noted	notepaper
special		specially
talk		talked	talking	talks
particular		particularly
today		
measure		measures	measured	measuring	measurement	measurements
walk		walks	walked	walking
teach		teaches	taught	teaching	teachings	teacher
low		lower	lowland
hour		hours	hourly
type		types	typed	typing	typewriter	typewrite	typist
carry		carries	carrying	carried
rate		rates
remain		remains	remained	remaining
full		
street		streets
easy		easily
although	though	
record		records	recorded	recording
sit		sits	sat	sitting
determine		determines	determining	determined	determination
level		levels
local		locally
sure		surely
receive	receipt	receives	received	receiving	receiver
thus		
moment	momentary	moments
spirit		spirits
train		trains	trained	training
college		colleges
religion		religions	religious
perhaps		
music	musician	musical	musicals
grow	growth	grows	growing	grown
free	freedom	frees	freed	freeing	freely
cause		causes	caused	causing
serve	servant	service	serves	served	serving
age		ages
book		books
board		boards
recent		recently
sound		sounds
office	officer	official	offices
cut		cuts	cutting
step		steps
class	classification	classify	
TRUE	truth	truly
history		
position		positions
above		
strong	strength	strengthen	strongly
friend	friendly	friendship	friends
necessary	necessity	need	necessarily	unnecessary
add		adds	adding	added
court		courts	courtyard
deal		deals	dealt	dealer	dealing	dealings
tax		taxes	taxed	taxing
support		supports	supporting	supported
party		parties
whether		
either		
land	landlord	lands	landed	landing
material		materials
happen		happens	happened	happening
education	educate	educator	educational
death	dead	deaths	deathbed
agree	disagree	agrees	agreed	agreeing	agreement
arm		arms	armour	unarmed
mother	motherhood	motherly	mothers
across		
quite		
anything		
town		towns
past	pass	
view		views
society	social	societies
manage		manages	managed	managing	management	manager
answer		answers	answering	answered
break		breaks	broke	breaking	breakage
organise		organises	organising	organised	organisation	organizes	organized	organizing	organization
half		halve
fire		fires	firing
lose	loss	loses	losing	lost
money		
stop		stops	stopped	stopping	stoppage	stopper
actual		actually
already		
effort		
wait	waiter	waits	waited	waiting
department		departments
able	ability	
political	politician	politics	politically
learn		learns	learned	learning
voice		voices
air		
together		
shall	should	
cover		covers	covered	covering
common		commonly	uncommon	commonsense
subject		subjects
draw		draws
short	shorten	shortly	shortness
wife		wives
treat		treats	treated	treating
limit		limits	limitation
road		roads	roadside
letter		letters
colour		colours	colouring	color	colors	coloring
behind		
produce	product	production	produces	produced	producing
send		sends	sent	sending
term		terms
total		totals	totally
university		universities
rise		rises	rose	risen	rising
century		centuries
success	succeed	successes
minute		minutes
remember		remembers	remembered	remembering
purpose		purposes
test		testing	tests	tested
fight		fights	fighter
watch		watches	watched	watching	watchful	watchfulness
situation		situations
south		southeast	southeastern	southern	southward	southwest	southwestern
ago		
difference	different	differences
stage		stages
father		fathers
table		tables
rest		rests	rested	resting
bear		bears	bearing
entire		entirely
market		markets
prepare		prepares	prepared	preparing	preparation
explain		explains	explained	explaining	explanation
offer		offers	offering	offered
plant		plants	planter
charge		charges	charged	charging
ground		grounds	groundwork
west	western	
picture		pictures
hard	harden	hardness
front		
lie	liar	lies	lied	lying
modern		modernise
dark	darken	darkness
surface		surfaces
rule		ruled	rules	ruling
regard	disregard	regards	regarded	regarding	regardless
dance		dances	danced	dancing
peace		peaceful
observe		observes	observed	observing
future		
wall		walls
farm		farms
claim		claims	claimed	claiming
firm		firmly	firmness
operation	operate	operator	operations
further		
pressure	press	pressures	pressured	pressuring
property		
morning		mornings
amount		
top		
outside	out	outline	outward	
piece		pieces
sometimes		
beauty		beautiful	beautifully
trade		trades	trading	trader	tradesman
fear		fears	feared	fearful	fearless
demand		demands	demanded	demanding
wonder		wonders	wondered	wondering	wonderful	wonderfully
list		lists
accept		accepts	accepted	accepting
judge		judges	judgment
paint		paints	painted	painter	painters
mile		miles	mileage	milestone
soon		sooner
responsible		responsibility
allow	allowance	allows	allowed	allowing
secretary		secretaries
heart		hearts
union	unit	unite	unity	unions
slow		slowly	slowness
island		islands
enter	entrance	enters	entered	entering
drink		drinks	drunk	drank	drinking
story		stories
experiment		experiments	experimental	experimentally
stay		stays	stayed	staying
paper		
space		spaced	spacing	spaces
apply	application	applies	applied	applying
decide	decision	decisive	decides	deciding	decided	decidedly
share		shares	shared	sharing
desire		desires	desiring	desired
spend		spends	spent	spending
sign	signal	signature	signs
therefore		
various	variety	variously
visit	visitor	visits	visiting
supply		supplies	supplying	supplied
officer	office	official	officers
doubt		doubts	doubted	doubting	doubtful	doubtless
private		
immediate		immediately
wish		wishes	wished	wishing
contain		contains	contained	containing	container
feed		feeds	fed	feeding
raise		raises	raised	raising
describe	description	described	describes	describing
ready		
horse		horses	horseback	horseman	horseshoe
son		sons
exist	existence	exists	existed	existing
north	northern	northeast	northwest	northwards
suggest	suggestion	suggests	suggested	suggesting
station		stations
effective	effect	effectively
food		
deep	deepen	depth	deeply
wide	widen	width	
alone		
character		characters
english		
happy		happily
critic		critics	critical
unit	union	unite	unity	units
product	produce	production	products
respect	disrespect	respects	respected	respecting	respectful
drop		drops	dropped	dropping
nor		
fill		fills	filled	filling
cold		coldly	coldness
represent	representative	represents	represented	representing
sudden		suddenly
basic	base	basis	
kill		kills	killed	killing
fine		finely	fineness
trouble		troubles	troubled	troublesome
mark		marks	marked	marking
single		singly
press	pressure	
heavy		heavily
attempt		attempts
origin		original	originality	originally
standard		standards	standardise
everything	every	everyday	everyone	everybody	everywhere	
committee		committees
moral		immoral	immorality	morality	morally
black		
red	redden	
bad		badly	badness
earth		earthly	earthworm	earthy
accord		
else	elsewhere	
mere		merely
die		dies	died	dying
remark		remarks	remarked	remarking
basis	base	basic	
except	exception	excepting
equal		equally	equality
east		
event		eventful	uneventful
employ	employee	employs	employing	employed	unemployed	employer	employers	employment
defence	defend	defendant	defense
smile		smiles	smiled	smiling
river		rivers
improve		improves	improved	improving	improvement	improvements
game		games
detail		details	detailed
account		accounts	accounted	accounting
cent		cents
sort		
reduce	reduction	reduces	reduced	reducing
club		clubs
buy		buys	buying	bought
attention	attend	attentive	
ship		ships	shipbuilding	shipment	shipper	shipwreck
decision	decide	decisive	decisions
wear		wears	wore	worn
inside		
win		wins	won	winning
suppose		
ride		rides	riding	rode
operate	operation	operator	operates	operated	operating
realise	real	realises	realised	realising	realisation	realize	realizes	realized	realizing	realization
sale	salesman	sales
choose	choice	chooses	chose	chosen	choosing
park		parks
square		
vote		votes	voted	voting	voter
price		prices
district		districts
dead	death	
foreign		foreigner
window		windows
beyond		
direction	direct	director	directions
strike		strikes	struck	striking
instead		
trial	try	trials
practice	practical	practise	practises	practised	practising
catch		catches
opportunity		opportunities
likely	like	unlikely
recognise	recognition	recognises	recognised	recognising	recognize	recognizing	recognized
permit	permission	permits	permitted	permitting
serious		seriously
attack		attacks
floor		floors
association		associations
spring		springs	sprang	sprung
lot		
stock		stocks
lack		lacks	lacked	lacking
hair		
science	scientific	scientist	sciences
relation	relate	relative	relations
profession		professions	professional
pattern		patterns
quick		quickly	quickness
medical	medicine	medicals	medically
influence	influential	influences	influenced	influencing
occasion		occasions	occasional	occasionally
machine	machinery	machines
compare	comparison	compares	compared	comparing
husband		
blue		
international	nation	
fair		unfair	fairly	unfairly
especially		especial
indeed		
imagine	imaginary	imaginative	imagines	imagined	imagining	imagination
surprise		surprises	surprising	surprisingly
average		
official	office	officer	officials	officially
temperature		
difficult	difficulty	
sing	song	sings	sang	sung	singer	singers
hit		hits
tree		trees
race		races
police		policeman
touch		touches	touched	touching
relative	relate	relation	relatives
throw		throws	thrown	threw	throwing
quality		qualities
former		formerly
pull		pulls	pulled	pulling
chance		chances
prove	proof	proves	proved	proving
argue		argues	argued	arguing	argument	arguments
settle		settled	settles	settling	settlement	settler
growth	grow	growths
date		dates
heat		heating
save	safe	safety	saves	saving	saved
performance	perform	performances
count		counts	counting	counted
production	produce	product	
listen		listened	listens	listening	listener
main		mainly	mainland
pick		picked	picks	picking	peck
size		sizes
cool		coolly	coolness
army		armies
patient	patience	patients	patiently
combine		combines	combining	combined	combination
summer		
hall		halls
slight		slightly
command		commands
enjoy		enjoys	enjoyed	enjoying	enjoyable	enjoyment
length	lengthen	
proper		properly	improper	improperly
express	expression	expresses	expressed	expressing
health	heal	healthy
chief		chiefly
evening		
store		stores	stored	storing
language		languages
degree		degrees
lay		lays	laid
current		currents
gun		guns	gunboat	gunner	gunpowder
dog		dogs
hotel		hotels
strange		strangely	strangeness	stranger
separate	separation	separately
boat		boats
fail	failure	fails	failed	failing
clean		cleanly	cleanness
dress		dresses
anyone		
gain		gains	gained	gaining
pain		pains	painful	painfully
object	objection	objects	objected	objecting
knowledge	know	
depend	dependence	dependent	depends	depended	depending	dependant
relate	relation	relative	relates	related	relating
below		
dollar		dollars
advance		advanced
shape		shapes	shaped	shaping	shapeless
arrange		arranges	arranged	arranging	arrangement	arrangements
population		
yes		
sell		sells	sold	selling	seller
mention		mentioned	mentions	mentioning
dry		dryly	dryness
check		checks	checked	checking
poet		poets	poetry	poetic
sleep		sleeps	slept	sleeping	sleepless	sleepiness
join	joint	joins	joined
hot		hotly
bed	bedroom	beds	bedding
electric	electrician	electricity
dream		dreams	dreamy
due		
season		seasons
manner		manners
fit		fits	fitting	fitness
left		
progress		progresses	progressed
neither		
strength	strengthen	strong	
notice		notices	noticed	noticing	noticeable
finish		finishes	finished	finishing
opinion		opinions
bill		bills
western	west	westerns
truth	TRUE	truthful	truthfulness
wrong		wrongly
travel		travels	travelled	travelling
suit		suits	suited
bank		banks
exact		exactly
honour		honourable	dishonour	dishonourable
brother		brothers
quiet		quieten	quietly	quietness
marry	marriage	marries	marrying	married
corner		corners
handle	hand	handkerchief	handshake	handwriting	handles
danger		dangerous
hospital		hospitals
pool		pools
promise		promised
blood	bleed	
shoot		shot	shoots	shooting
scene	scenery	scenes
literature	literary	
arrive		arrived	arrives	arriving	arrival
film		films
base	basic	basis	bases	based	basing
freedom	free	
bar		bars
maybe		
hang		hangs	hanged	hung	hanging
suffer		suffers	suffering	sufferer
manufacture		manufactures
frequent	frequency	
rock		rocks	rocked	rocking
loss	lose	losses
burn		burns	burned	burnt	burning
sun		suns	sunbeam	sunburnt	sunlight	sunny	sunrise	sunset	sunshine
audience		audiences
essential	essence	essentially
glass		glasses	glassy
prevent	prevention	prevents	preventing	preventive
poem		poems
poor	poverty	
inch		inches
song	sing	songs
skill		skills	skilled	skilful	skilfully
post		postage	postal	postman	postmaster
popular		popularly	popularity
radio		radios
animal		animals
conscious		consciousness	unconscious	unconsciously	unconsciousness
worth		worthless	worthwhile
eat		eats	ate	eaten	eating
election	elect	elections	electorate
faith		faiths	faithful	faithfully
wave		waves	waved	waving	wavy
murder		
model		models
forget		forgets	forgot	forgetting	forgotten	forgetful	forgetfulness
extend	extension	extensive	extent	extends	extended	extending
edge		
distance	distant	distances
memory		memorial	memorise
recommend		recommends	recommended	recommending	recommendation
division	divide	divisions
staff		
leg		legs
discussion	discuss	discussions
address		addresses
fly		flies	flew	flying
dependent	depend	dependence	dependents
ball		balls
shake		shakes	shaken	shaking
frame	framework	frames
extreme		extremes	extremely
engineer	engine	engineers	engineering
thick	thicken	thickly	thickness
comfort	discomfort	comforting	comfortable	uncomfortable
latter		
camp		camps	camped	camping
oil		oily
discover	discovery	discovers	discovering	discovered	discoverer
examine		examines	examined	examining	examination	examinations
difficulty	difficult	difficulties
tooth		teeth
middle		
choice	choose	choices
refer	reference	referring	referred	refers
enemy		enemies
practical	practice	practically
marriage	marry	marriages
bridge		bridges
declare		declares	declared	declaring	declaration
lady		ladies
cross		crosses	crossing	crossings
daily	day	daylight	
afternoon		afternoons
attend	attention	attentive	attends	attended	attending
director	direct	direction	directors
balance		balances	balancing	balanced
wash		washes	washed	washing
capital		capitals
speed		
block		blocks
citizen	city	citizens
mouth		mouths	mouthful
hill		hills	hillside	hilly
green		
please	pleasant	pleasure	pleases	pleased	pleasing
motor		motors
agency	agent	agencies
encourage	courage	encourages	encouraged	encouraging	encouragement
governor	govern	governors
worry		worrying	worries	worried
affair		affairs
shoulder		shoulders
bright	brighten	
mass		
sample		samples
pretty		prettily	prettiness
repeat	repetition	repeats	repeated	repeating
roll		rolls	rolled	rolling	roller
push		pushed	pushing	pushes
trip		trips
council		councils
clothe	cloth	clothes	clothing
parent		parents	parental
forward		forwards
sharp	sharpen	sharply
straight	straighten	
gas		gases
weight	weigh	weights
discuss	discussion	discusses	discussed	discussing
fix		fixes	fixed	fixing
load		
master		masters	mastered	mastering	masterful	masterly	masterpiece	mastery
whatever	what	
round		roundabout
rapid		rapidly	rapidity
laugh	laughter	laughs	laughed	laughing	laughable
finger		fingers
spot		spots	spotted	spotless
propose		proposes	proposed	proposing
shop		shops	shopkeeper	shopkeeping
broad	breadth	broadcast	
replace		replaces	replaced	replacing	irreplaceable
reply		replies	replied	replying
extent	extend	extensive	extension	extents
lock		locks	locked	locking	unlock
employee	employ	employees
ahead		
sight		
spread		spreads	spreading
wind		winds	winding
approve	disapprove	approves	approved	approving	approval
destroy	destruction	destructive	destroys	destroyed	destroying
none		
pound		pounds
fame		famous
importance	important	
reflect	reflection	reflects	reflecting	reflected
advantage		advantages
match		matches
regular		regularly	regularity	irregular	irregularly	irregularity
wage		wages
refuse		refuses	refused	refusing	refusal
existence	exist	
hardly		
perform	performance	performs	performed	performing	performer	performers
title		titles
tend		tends	tended	tending	tendency
exercise		exercises	exercised
thin		thinly	thinness
coat		coats	overcoat
bit	bite	
mountain		mountains	mount	mountainous
youth		youths	youthful
behavior	behave	
newspaper	new	news	newspapers
secret	secrecy	secrets
ability	able	
sea		seas	seaman	seaport
soft	soften	softness	softly
justice	just	
reasonable	reason	reasonableness	reasonably
circle	circular	circles
solid		solidly
page		pages
weapon		weapons
fast		
representative	represent	representatives
search		searches	searched	searching
pure		purely	purity	impure	impurity
escape		escapes	escaped	escaping
crowd		crowds
stick		sticks	sticky
telephone		telephones
avoid	avoidance	avoids	avoided	avoiding	unavoidable	unavoidably
garden		gardens	gardener
favour		favor	favourable	favourably
news	new	newspaper	
unless		
dinner	dine	dinners
someone		
signal	sign	signature	signals
yard		yards
ideal		
warm	warmth	warmly
miss		misses	missed	missing
shelter		
soldier		soldiers
article		articles
cry		cries	cried	crying
captain		captains
familiar		
seat		seats
guest		guests
weak	weaken	weakness
excite		excites	excited	exciting	excitement
king	kingdom	kings
everyone	every	everyday	everybody	everything	everywhere	
wine		wines
hole		holes
duty		
beat		beats	beating
perfect	perfection	perfectly	imperfect	imperfectly
bottom		bottoms
compose	composition	composes	composed	composing	composer
battle		battles
expense	expensive	expenses
cattle		
flow	overflow	flows	flowing	flowed
kitchen		kitchens
dust		duster	dusty
bottle		bottles
admit	admission	admits	admitted	admitting
tear		tears	tore	torn	tearing
tire		tires	tiring	tired
expression	express	expressions
exception	except	exceptions
application	apply	applications
belong		belongs	belonged	belonging
rich		riches
failure	fail	failures
struggle		struggles
instrument		instruments	instrumental
variety	various	
narrow		narrowly
theatre	theatrical	theatres	theater	theaters
collection	collect	collector	collections
rain		rains	rained	raining	rainy
review		reviews	reviewed	reviewing
preserve		preserves	preserved	preserving	preservation
leadership	lead	
clay		
daughter		daughters
fellow	fellowship	fellows
swing		swings	swung	swinging
thank		thanks	thankful
library	librarian	libraries
fat	fatten	fatness	fatty
reserve		reserves	reserved	reserving
tour		tours	tourist
nice		nicely
warn		warns	warned	warning
ring		ringed
bitter		bitterness
chair	chairman	chairs
yesterday		
scientific	science	scientist	scientifically
flower		flowers
wheel		wheels
solution	solve	solutions
aim		aims	aimed	aiming	aimless
gather		gathers	gathered	gathering
invite		invited	invites	inviting	invitation
moreover	more	
fresh		
forest		forests
winter		winters	wintry
box		boxes
belief	believe	beliefs
ordinary	extraordinary	ordinarily
impossible	possible	impossibility
print		prints	printed	printing	printer
grey		gray
taste		tastes	tasted	tasting	tasteless
lip		lips
speech	speak	speeches
reference	refer	references	referenced	referencing
stain		stains
connection	connect	connections	connexion	connexions
otherwise	other	
stretch		stretches	stretched	stretching
knife		knives
village		villages
blow		blows	blowing	blew
mistake		mistakes	unmistakably
sweet	sweeten	sweetly
shout		shouts	shouted	shouting
divide	division	divides	divided	dividing
guard		guards
worse		worsen
exchange		exchanges	exchanged	exchanging
rare		rarely
commercial	commerce	
request		requests
appoint		appoints	appointing	appointed	appointment	appointments
agent	agency	agents
dependence	depend	dependent	
bird		birds
wild		wildly
motion		
guess		guesses	guessing	guessed
neighbour	neighbourhood	neighbours	neighbouring
seed		seeds
fashion		fashionable
loan		loans
correct	correction	corrects	corrected	correcting	correctly	incorrect
plain		plainly
mail		
retire		retires	retired	retiring	retirement
opposite	oppose	opposition	opposites
prefer	preference	prefers	preferred	preferring	preferable	preferably
safe	safety	save	
evil		
double		
wood	wooden	woods	wooded
empty		
baby		babies
advise	advice	advises	advised	advising
content	discontent	contented
sport		sports	sporting	sportsman
lift		lifts
literary	literature	
curious		curiously	curiosity
tie		ties	tied	tying
flat	flatten	
message	messenger	messages
neck		necks	necklace	necktie
hate		hates	hated	hating	hateful
dirt		dirty
delight		delightful	delightfully
trust		trusts	trusted	trusting	entrust	trustee
nobody	no	nowhere	
valley		valleys
tool		tools
presence	present	
cook		cooks	cooked	cooking	cookery
railroad	rail	railroads
minister		ministers
coffee		
brush		brushes
beside	besides	
collect	collection	collector	collects	collected	collecting
guide		guides
luck		unlucky	unluckily
profit		
lord		lords
everybody	every	everyday	everyone	everything	everywhere	
prison		prisons	prisoner	imprison
cloud		clouds	cloudy
slave	slavery	slaves
chairman	chair	chairperson	chairwoman
soil		
distinguish		distinguishes	distinguishing	distinguished
introduce	introduction	introduces	introduced	introducing
urge		urges	urged	urging
blind		blinds	blinded	blinding
arise		arises	arose	arising
upper	uppermost	
curve		curves	curving	curved
membership	member	
key		keys
entertain		entertains	entertained	entertaining	entertainment
soul		souls
neighbourhood	neighbour	neighbourhoods
friendly	friend	friendship	
pair		pairs
stone		stones
lean		leans	leaned	leant	leaning
protect	protection	protects	protected	protecting
advertise		advertises	advertised	advertising	advertisement
mystery		mysterious
welcome		welcomes	welcomed	welcoming
knee	kneel	knees
jump		jumps	jumped	jumping
snake		snakes
stream		streams
avenue		avenues
brown		
disease		diseases	diseased
hat		hats
excellent	excellence	excellently
formal		formally	formality
snow		snowy
sheet		sheets
somehow		
unity	union	unite	unit	
sky		skies
rough		roughly	roughness
smooth		smoothly	smoothness
weather		
steady		steadily
threaten	threat	threatens	threatening	threatened
depth	deep	deepen	
oppose	opposite	opposition	opposes	opposed	opposing
deliver	delivery	delivers	delivering	delivered
ancient		
pray		prays	prayed	praying	prayer
adopt	adoption	adopts	adopted	adopting
birth		
appearance	appear	disappear	appearances
universe	universal	
busy		busily
hurry		hurries	hurried	hurrying
coast		coasts
forth		
smell		smells	smelled	smelling
furnish	furniture	furnishes	furnished	furnishing
female		females
hide		hides	hid	hiding
wire		wireless
proposal		proposals
ought		
victory		victories	victorious
quarter		quarters
engine	engineer	engines
customer	custom	
waste		wastes	wasted	wasting	wasteful	wastefulness
fool		fools	foolish	foolishness
intend	intention	intends	intended	intending
intention	intend	intentional	intentionally	intentions
desk		desks
politics	political	politician	
passage	passenger	passages
lawyer		lawyers
root		roots
climb		climbed	climbs	climbing
metal		metals
gradual		gradually
hunt		hunts	hunting	hunted	hunter	hunters
protection	protect	
satisfy	satisfactory	satisfaction	dissatisfaction	dissatisfy	satisfies	satisfied	satisfying
roof		roofs
branch		branches
pleasure	pleasant	please	displeasure
witness		witnesses
loose	loosen	loosely
nose		noses
mine	mineral	mines	miner
band		bands
aside		
risk		risks	risked	risking	risky
tomorrow		
remind		reminds	reminding	reminded
ear		ears
fish		fisherman
shore		shores
operator	operate	operation	operators
civilize		civilization
being		
silent		silently
screen		screens	screened	screening
bind	bound	binds	binding
earn		earns	earned	earning	earnings
pack	package	packs	packed	packing	packet
colony		colonies	colonist	colonise	colonised	colonial
besides	beside	
slip	slippery	slips	slipped	slipping
cousin		cousins
scale		scales
relief	relieve	
explore		explores	explored	exploring
stem		stems
brain		brains
musician	music	musicians
defend	defendant	defence	defends	defended	defending
bend		bends	bending	bent
somebody		
shadow	shade	shadows	shadowy
mix	mixture	mixes	mixed	mixing
smoke		smokes	smoked	smoker	smoky
description	describe	descriptions
fruit		
guilt		guilty	guiltless
yield		yields	yielding
sensitive	sense	
salt		
pale		paleness
sweep		sweeps	swept	sweeping
completion	complete	completions
throat		throats
agriculture		agricultural
admire		admires	admiring	admired	admiration
gentle	gentleman	gentleness	gently
dozen		
particle	part	particles
pleasant	please	pleasure	unpleasant
bay		bays
cup		cups
competition	compete	competitor	competitions
moon	moonlight	moons
terrible		terribly
strip		
mechanic	mechanism	mechanics	mechanical	mechanically
shock		shocks	shocked	shocking
conversation		conversational
angle		angles
tall		
plenty		plentiful
star		stars
yellow		yellowness
sick		sickness
thorough		thoroughly
absolute		absolutely
succeed	success	succeeds	succeeded	succeeding	successful	successfully
surround		surrounds	surrounded	surrounding	surroundings
proud	pride	proudly
dear		dearly
card		cards
lake		lakes
breath	breathe	
afraid		
silence		
onto		
shoe		shoes	shoed
somewhere		
chain		chains
slide		slides	slid	sliding
copy		copies	copying	copied
machinery	machine	
wake	awake	wakes	woke	waking
severe		
pocket		pockets
bone		bones
honest	honesty	honestly
freeze		freezes	froze	freezing
dictionary		dictionaries
calm		calmly	calmness
swim		swims	swam	swum	swimming
ice		icy
male		males
skin		skins
crack		cracks	cracking	cracked
rush		rushes	rushed	rushing
wet		
meat		
commerce	commercial	
joint	join	joints	jointly
gift	give	gifts
host		hosts	hostess
suspect	suspicion	suspicious	suspects	suspected	suspecting
path		paths
uncle		uncles
afford		affords	affording	afforded
instant		instantly
satisfactory	satisfy	satisfaction	dissatisfaction	dissatisfy	
height	heighten	high	highway	
track		tracks	tracked	tracking
confidence	confident	confidential	
grass		grassy
suggestion	suggest	suggestions
favourite		favourites
breakfast		
apart		
chest		
entrance	enter	entrances
march		marches	marching	marched
sink		sinks
northern	north	northerly
iron		
alive		
ill		illness
bag		bags
disturb		disturbs	disturbed	disturbing	disturbance
native		natives
bedroom	bed	bedrooms
violent	violence	violently
beneath		
pause		pauses
tough		
substance		substances
threat	threaten	threats
charm		charms	charmed	charming
absence	absent	
factory		factories
spite		
meal		meals
universal	universe	universals
accident		accidents	accidental	accidentally
highway	height	high	heighten	highways
sentence		sentences
liberty		
wise	wisdom	wisely
noise		noises	noisy
discovery	discover	discoveries
tube		tubes
flash		flashes	flashed	flashing
twist		twists	twisted	twisting
fence		fences
childhood	child	
joy		joyful
sister		sisters
sad	sadden	sadly	sadness
efficiency	efficient	
disappear	appear	appearance	disappears	disappeared	disappearing
defeat		defeats	defeated	defeating
extensive	extend	extension	extent	extensively
rent		rents	renting	rented
comparison	compare	comparisons
possess	possession	possessor	possesses	possessed	possessing
grace		graceful
flesh		
liquid		
scientist	science	scientific	scientists
ease		eases	easing	eased
heaven	heavenly	
milk		milky
sympathy	sympathetic	sympathise	sympathises
rank		ranks
restaurant		restaurants
frequency	frequent	frequencies
angry	anger	
shade	shadow	shades	shady
accuse		accuses	accused	accusing
necessity	necessary	need	necessities
knock		knocks	knocked	knocking
loud		loudly
permanent		permanently	impermanent
row		rows	rowed	rowing
lovely	love	
confuse	confusion	confuses	confused	confusing
gold	golden	
frighten	fright	frightens	frightened	frightening
solve	solution	solves	solved	solving
grave		graves	gravestone
salary		salaries	salaried
photograph	photography	photographic
advice	advise	
abroad		
wound		wounds	wounding	wounded
virtue		virtuous
dare		daring
queen		queens
extra		
attract	attraction	attractive	attracts	attracted	attracting
numerous	number	
pink		
gate		gates	gateway
expensive	expense	
shut		shuts	shutting
chicken		chickens
forgive		forgives	forgave	forgiveness
holy		holiness
wooden	wood	
prompt		promptly	promptness
crime	criminal	crimes
sorry	sorrow	sorrowful	sorrowfully
republic		republics
anger	angry	
visitor	visit	visitors
pile		piles
violence	violent	
steel		
wing		wings
stair		stairs	staircase
partner		partners
delay		delays	delayed	delaying
gentleman	gentle	gentlemen
pour		pours	poured	pouring
confusion	confuse	
damage		damaged
kick		kicks	kicked	kicking
safety	safe	save	
burst		bursts
network		networks	networked	networking
resistance	resist	
screw		screws	screwed	screwing
pride	proud	
till	until	
hire		hires	hired	hiring
verb		verbs
preach		preaches	preached	preaching	preacher
clerk		clerks
everywhere	every	everyday	everyone	everything	everybody	
anyway		
fan		fans
connect	connection	connects	connecting	connected
egg		eggs
efficient	efficiency	efficiently
grain		grains
calculate	calculation	calculator	calculates	calculated	calculating
drag		drags	dragged	dragging
opposition	oppose	opposite	
worship		worships	worshipped	worshipping
arrest		arrested	arrests	arresting
discipline		disciplines
string		strings
harbour		harbours	harbor	harbors
camera		cameras
mechanism	mechanic	mechanisms
cow		cows
grand		
funny	fun	
insurance	insure	
reduction	reduce	reductions
strict		strictly
lesson		lessons
tight	tighten	tightly
sand		sandbank	sandhill	sandy
plate		plates
qualify	qualification	qualifies	qualified	qualifying
elsewhere	else	
mad		madly	madman	madmen	madness
interference	interfere	
pupil		pupils
fold		folds	folded	folding
royal	royalty	royals
valuable	value	valuables
whisper		whispers	whispering	whispered
anybody		
hurt		hurts	hurting
excess	excessive	
quantity		quantities
fun	funny	
mud		muddy
extension	extend	extensive	extent	extensions
recognition	recognize	
kiss		kisses	kissed	kissing
crop		crops
sail	sailor	sails	sailed	sailing
attractive	attract	attraction	
habit		habits
relieve	relief	relieves	relieved	relieving
wisdom	wise	
persuade	persuasion	persuades	persuaded	persuading
certainty	certain	uncertainty
cloth	clothe	cloths
eager		eagerly
deserve		deserves	deserved	deserving
sympathetic	sympathy	sympathetically
cure		cures	cured	curing
trap		traps	trapped	trapping	trapper
puzzle		puzzles	puzzled	puzzling
powder		powdery
raw		rawness
mankind	man	
glad		gladly
blame		blames	blamed	blaming
whenever	when	
anxiety	anxious	
bus		buses
tremble		trembles
sacred	sacrifice	
fortunate	fortune	fortunately
glory		glorious	gloriously
golden	gold	
neat		neatly	neatness
weekend	week	weekday	weekends
treasury	treasure	
overcome	over	overflow	overcomes	overcame	overcoming
cat		cats
sacrifice	sacred	sacrifices
complain	complaint	complains	complained	complaining
elect	election	elects	elected	electing
roar		roars	roared	roaring
sake		
temple		temples
self	selfish	
compete	competition	competitor	competes	competed	competing
nurse	nursery	nurses
stuff		
stomach		stomachs
peculiar		peculiarly
repair		repairs	repaired	repairing
storm		storms	stormy
ton		
desert		deserts	deserted
allowance	allow	
servant	serve	service	servants
hunger		hungry
conscience		
bread		
crash		crashes	crashed	crashing
tip		tips	tipped	tipping
strengthen	strength	strong	strengthens	strengthened	strengthening
proof	prove	proofs
generous		generosity	generously
sir		
tonight	night	
whip		whips
tongue		tongues
mill		mills	miller
merchant		merchants
coal		
ruin		ruins
introduction	introduce	introductions
courage	encourage	courageous
actor	actress	actors
belt		belts
stir		stirs	stirred	stirring
package	pack	
punish		punishes	punished	punishing	punishment
reflection	reflect	reflections
breathe	breath	breathing
anywhere		
amuse		amuses	amused	amusing	amusement
dull		dullness
fate		
net		nets
fellowship	fellow	fellowships
fault		faultless	faulty
furniture	furnish	
beam		beams
pencil		pencils
border		borders
disappoint		disappoints	disappointed	disappointing	disappointment
flame		flames	flaming
joke		jokes
bless		blesses	blessing	blessed
corn		
shell		shells
tempt		tempts	tempter	temptation
supper		suppers
destruction	destroy	destructive	
dive		dives	diving	diver
anxious	anxiety	
shine		shines	shone	shining
cheap		cheaply
dish		dishes
distant	distance	distantly
greet		greeting
flood		floods
excuse		excuses
insect		insects
ocean		oceans
ceremony		ceremonies	ceremonial	ceremonious
decrease		decreases	decreased	decreasing
prize		prizes
harm		harmful	harmless
insure	insurance	insures	insured	insuring
verse		verses
pot		pots
sincere		sincerely
cotton		
leaf		leafless	leafy
rub		rubs	rubbed	rubbing
medicine	medical	medicines
stroke		strokes
bite	bit	bites
lung		lungs
lonely		loneliness
admission	admit	admissions
stupid		stupidity	stupidly
scratch		scratches	scratched	scratching
composition	compose	compositions
broadcast	breadth	broad	
drum		drums
resist	resistance	resists	resisting	resisted
neglect		neglects	neglected
absent	absence	
passenger	passage	passengers
adventure		adventures
beg		begs	begging	begged	beggar
pipe		pipes
beard		beards
bold		boldly
meanwhile	mean	meantime	
devil		devils
cheer		cheerful	cheerfully
nut		nuts
split		splits	splitting
melt		melts	melted	melting
swear		swears	swearing	swore	sworn
sugar		
bury		buries	buried	burying	burial
wipe		wipes	wiped	wiping
faint		faints	fainted	fainting	faintly	faintness
creature		creatures
tail		tails
wealth		wealthy
earnest		
translate	translation	translator	translates	translated	translating
suspicion	suspect	suspicious	suspicions
noble		nobleman	nobleness	nobly
inquiry	inquire	inquiries
journey		journeys
hesitate	hesitation	hesitates	hesitated	hesitating
extraordinary	ordinary	extraordinarily
borrow		borrows	borrowed	borrowing
owe		owes	owed	owing
funeral		funerals
ambition	ambitious	ambitions
mixture	mix	mixtures
slope		slopes	sloped	sloping
criminal	crime	criminals
seldom		
map		maps
spin		spins	spinning	spun
praise		praises	praised	praising
spare		
plough		ploughed	ploughs	ploughing	plows	plowed	plowing
telegraph		
barrel		barrels
straighten	straight	straightens	straightening	straightened
scarce		scarcity	scarcely
lunch		lunches
slavery	slave	
creep		creeps
sweat		
gay	gaiety	gaily
stiff	stiffen	stiffly	stiffness
brave	bravery	bravely
seize		seizes	seized	seizing
convenient	convenience	
horizon	horizontal	horizons
moderate	moderation	moderately
complicate	complication	complicates	complicated	complicating
dig		digs	dug	digging
curse		curses
weigh	weight	weighs	weighed	weighing
priest		priests
excessive	excess	excessively
quarrel		quarrels	quarrelled	quarrelling	quarrelsome
widow	widower	widows
modest	modesty	modestly
dine	dinner	dines	dining
politician	political	politics	politicians
custom	customer	
educate	education	educator	educates	educating	educated	uneducated
salesman	sale	salesmen
nail		nails
tap		taps	tapped	tapping
eastern		easterly
possession	possess	possessor	possessions
satisfaction	satisfy	satisfactory	dissatisfaction	dissatisfy	
behave	behavior	behaves	behaved	behaving
mercy		merciful	merciless
scatter		scatters	scattered	scattering
objection	object	objectionable
silver		silvery
tent		tents
saddle		saddles
wrap		wraps	wrapped	wrapping	wrapper
nest		nests
grind		grinds	grindstone
spell		spells	spelled	spelling
plaster		
arch		arched	archway
swell		swells	swelled	swelling
friendship	friend	friendly	friendships
bath	bathe	baths
bundle		bundles
grateful		
crown		crowns
boundary		boundaries
nowhere	no	nobody	
asleep		
clock		clocks	clockwork
boil		boils	boiled	boiling	boiler
altogether		
lend		lends	lent
holiday		holidays
precious		
wander		wanders	wandered	wandering
ugly		
reputation		reputations
ticket		tickets
pretend	pretense	pretends	pretending	pretended
dismiss		dismisses	dismissed	dismissing	dismissal
delicate		delicately
despair		despairs	despaired	despairing
awake	wake	awoke	awaking
tea		
FALSE		
fortune	fortunate	fortunes
cap		caps
thread		threads
haste	hasten	hasty	hastily
bare		
shirt		shirts
bargain		bargains
leather		
rail	railroad	rails	railway
butter		
dot		dots
inquire	inquiry	inquires	inquired	inquiring
warmth	warm	
decisive	decide	decision	decisively
vessel		vessels
pity		
steam		steamer	steamship
pin		pins
bound	bind	bounded	bounds
companion	companionship	companions
toe		toes
reward		rewards	rewarded	rewarding
forbid		forbids	forbidden
wherever	where	
tower		towers
bathe	bath	bathed	bathes
lodge		lodges	lodging	lodged
swallow		swallowed	swallowing	swallows
multiply	multiplication	multiplies	multiplied	multiplying
bow		bows	bowing	bowed
kingdom	king	kingdoms
garage		garages
permission	permit	
pump		pumps	pumped	pumping
prevention	prevent	
urgent		urgently
aunt		aunts
zero		
idle		idleness	idly
fever		fevers	feverish	feverishly
christmas		
regret		regrets	regretted	regretting
jaw		jaws
soap		soapy
pronounce	pronunciation	pronounces	pronounced	pronouncing	mispronounce
empire		empires
bowl		bowls
outline	out	outside	outward	
organ		organs
imitation	imitate	
caution	cautious	
mineral	mine	minerals
disagree	agree	disagrees	disagreed	disagreeing	disagreement
blade		blades
trick		tricks
treasure	treasury	treasurer	treasurers
immense		
convenience	convenient	inconvenience	inconvenient
disapprove	approve	disapproves	disapproved	disapproving	disapproval
destructive	destroy	destruction	destructively
fork		forks
noon		
ownership	own	
tune		tunes
polish		polishes	polished	polishing
poison		poisonous
shame		shames	shamed	shaming	shameful	shameless
loyalty	loyal	
cottage		cottages
astonish		astonishes	astonished	astonishing	astonishment
shave		shaves	shaved	shaving
feather		feathers
sauce		sauces
lid		lids
debt		debts
fade		fades	faded	fading
confess	confession	confesses	confessed	confessing
classification	class	classify	
descend	descendant	descent	descends	descended	descending
cape		capes
mild		mildly	mildness
clever		
envelope		envelopes
invention	invent	inventor	inventions
sheep		
splendid		splendidly
stamp		stamps
float		floats	floating	floated
brick		bricks
rice		
businessman	business	businesslike	businessmen	businesswoman	businesswomen
backward	back	
qualification	qualify	qualifications
artificial		
attraction	attract	attractive	
lamp		lamps
curl		curls	curling	curled	curly
shower		showers
elder		
bunch		bunches
bell		bells
steer		steers	steered	steering
flavor		
spit		spits	spat	spitting
rob		robs	robbed	robbing
cream		
interrupt	interruption	interrupts	interrupted	interrupting
pen		pens
weave		weaves	wove	woven
orange		oranges
rescue		rescues	rescued	rescuing
crush		crushes	crushed	crushing
humble		humbly
fancy		fanciful
decay		decays	decaying	decayed
polite		politely	politeness
tribe		tribes
bleed	blood	bleeds
coin		coins
fond		
autumn		
classify	class	classification	classified	classifying
omit		omits	omitted	omitting
loyal	loyalty	
needle		needles
lessen	less	lessens	lessened	lessening
complaint	complain	complaints
pad		pads	padded	padding
steep		
skirt		skirts
curtain		curtains
calculation	calculate	calculator	
laughter	laugh	
solemn		solemnly
grease		greasy
interfere	interference	interferes	interfered	interfering
explode	explosion	explodes	exploded	exploding
fasten		fastener
flag		flags
resign		resigned	resigns	resigning	resignation
postpone		
patience	patient	
boast		boasts	boasting	boasted	boastful
rope		ropes
envy		envies	envied	envious
aeroplane		airplane	aeroplanes	airplanes
rid		rids
shield		shields	shielded	shielding
veil		veils
kneel	knee	kneels	kneeled	kneeling
tray		trays
explosive		explosively
brass		
taxi		taxis
wax		
duck		ducks
button		buttons	buttoned	buttoning	unbutton
invent	invention	inventor	invents	invented	inventing
remedy		remedies
bush		bushes
thunder		
weaken	weak	weakens	weakened	weakening
poverty	poor	
scrape		scrapes	scraped	scraping
arrow		arrows
tender		tenderly	tenderness
cruel		cruelly	cruelty
soften	soft	softens	softening	softened
mouse		mice
hay		
anyhow		
alike		
circular	circle	
juice		juicy
shelf		shelves
bake		bakes	baked	baking
hatred		
cautious	caution	cautiously
basket		baskets
wreck		wrecked	wrecking	wreckage
width	wide	widen	
confident	confidence	confidential	confidents
log		logs
heap		heaps
suck		sucks	sucked	sucking
ladder		ladders
gap		gaps
obey	obedience	obedient	obeyed	obeys	obeying
hut		huts
axe		axes
translation	translate	translator	translations
collar		collars
delivery	deliver	deliveries
reproduce	reproduction	reproduces	reproduced	reproducing
confession	confess	confessions
pan		pans
prejudice		prejudiced	unprejudiced
voyage		voyages
tobacco		
simplicity	simple	
paste		pastes	pasted	pasting
cake		cakes
elephant		elephants
ribbon		ribbons
harvest		
ashamed		
cave		caves
customary		
thief		thieves
damp		
sew		sews	sewing	sewn
rust		rusty
separation	separate	separations
waiter	wait	waiters	waitress	waitresses
pet		pets
straw		straws
upset		upsets	upsetting
towel		towels
refresh		refreshing	refreshed	refreshes	refreshment	refreshments
essence	essential	
fur		
ambitious	ambition	
defendant	defend	defence	defendants
daylight	daily	day	
dip		dips	dipped	dipping
suspicious	suspect	suspicion	suspiciously
imaginary	imaginative	imagine	
ash		
carriage		carriages
educator	educate	education	educators
saw		saws	sawed	sawn	sawdust	sawmill
stove		stoves
rubber		
rug		rugs
misery	miserable	
awkward		awkwardly	awkwardness
rival	rivalry	rivals
roast		roasting	roasted
deed		deeds
preference	prefer	preferences
explosion	explode	explosions
theatrical	theatre	theatrically
cultivate	cultivation	cultivator	cultivates	cultivating	cultivated
collector	collect	collection	collectors
miserable	misery	miserably
wrist		wrists
rabbit		rabbits
accustom		
tide		tides	tidal
insult		insults	insulted	insulting
thumb		thumbs
lump		lumps
annoy	annoyance	annoyed	annoys	annoying
toy		toys
heal	health	heals	healed	healing
shallow		shallowness
repetition	repeat	repetitions
soup		
whistle		whistles	whistling
scenery	scene	
apple		apples
offence	offend	offense
cork		corkscrew
ripe	ripen	
temper		
sore		
pinch		pinches
diamond		diamonds
razor		razors
imaginative	imaginary	imagine	imaginatively
hook		hooks
copper		
landlord	land	landlords
influential	influence	influentially
rot		rots	rotted	rotting
hollow		hollows
enclose	enclosure	encloses	enclosed	enclosing
harden	hard	hardens	hardened	hardening
wicked		wickedly	wickedness
stiffen	stiff	stiffens	stiffening	stiffened
silk		silkworm	silky
upright		
selfish	self	
stripe		striped
pig		pigs
inward		inwards	inwardly
excellence	excellent	
rake		rakes	raking	raked
purple		
hasten	haste	hastens	hastened	hastening
shorten	short	shortens	shortened	shortening
applause	applaud	
ache		aches
apology		apologies
knot		knots
nephew		nephews
cushion		cushions	cushioned
drown		drowns	drowning	drowned
nursery	nurse	nurseries
pint		pints
fierce		fiercely
imitate	imitation	imitates	imitated	imitating
aloud		
gaiety	gay	
robbery		robberies
tighten	tight	tightens	tightened	tightening
perfection	perfect	imperfection
scorn		scornful
whoever	who	whom	
trunk		trunks
wool	woolen	woollen	woolly
sailor	sail	sailors
competitor	compete	competition	competitors
moonlight	moon	
deer		
bean		beans
everyday	every	everybody	everyone	everything	everywhere	
drawer		drawers
disregard	regard	disregards	disregarded	disregarding
nowadays	now	
patriotic		
tin		tins	tinned
penny		pennyworth
cage		cages
pardon		pardoned	pardons	pardoning	unpardonable
lately	late	
offend	offence	offends	offended	offending
coarse		
spoil		spoils	spoilt	spoiling
horizontal	horizon	horizontally
sting		stings	stung
ditch		ditches
librarian	library	librarians
meantime	mean	meanwhile	
cough		coughs	coughed	coughing
deaf	deafen	
sword		swords
messenger	message	messengers
vain		vainly
castle		castles
elastic		elasticity
comb		combs
rod		rods
widen	wide	width	widens	widened	widening
sorrow	sorry	
inventor	invent	invention	inventors
cliff		cliffs
umbrella		umbrellas
interruption	interrupt	interruptions
merry		merrily
gallon		gallons
conquest	conquer	conqueror	conquests
headache	head	headdress	headaches
tailor		tailors
bucket		buckets
scent		
signature	sign	signal	signatures
cart		carts
darken	dark	darkens	darkened	darkening
sometime		
applaud	applause	applauds	applauding	applauded
underneath	under	
hello		
pretence	pretend	pretences	pretense	pretenses
descent	descend	descendant	descents
conquer	conqueror	conquest	conquers	conquered	conquering
framework	frame	frameworks
confidential	confidence	confident	confidentially
adoption	adopt	adoptions
disgust		disgusts	disgusted	disgusting
waist		waists	waistcoat
momentary	moment	momentarily
receipt	receive	receipts
pearl		pearls
ray		rays
lazy		
limb		limbs
grammatical	grammar	
beast		beasts
monkey		monkeys
jewel		jewels
persuasion	persuade	
obedience	obedient	obey	
sock		socks
vowel		vowels
hammer		hammers	hammered	hammering
inn		
chimney		chimneys
dissatisfaction	dissatisfy	
annoyance	annoy	
ornament		ornaments
honesty	honest	
outward	out	outside	outline	
sharpen	sharp	sharpens	sharpening	sharpened
handkerchief	hand	handle	handshake	handwriting	handkerchiefs
greed		greedy	greedily
heavenly	heaven	
thirst		thirsty
niece		nieces
spill		spills	spilling
loaf		loaves
wheat		
worm		worms
secrecy	secret	
rude		rudely	rudeness
heighten	height	high	highway	heightens	heightened	heightening
flatten	flat	
loosen	loose	loosens	loosened	loosening
cheese		
rivalry	rival	rivalries
royalty	royal	royalties
discontent	content	discontented
complication	complicate	complications
fright	frighten	
indoor		indoors
flour		
actress	actor	actresses
congratulation	congratulate	congratulations
ounce		ounces
fry		fries	fried	frying
everlasting	ever	
goat		goats
ink		inky
disappearance	appear	disappear	disappearances
reproduction	reproduce	
thicken	thick	thickens	thickening	thickened
avoidance	avoid	
spoon		spoons	spoonful
strap		straps
deceive	deceit	deceives	deceived	deceiving
lengthen	length	
revenge		
correction	correct	corrections
descendant	descend	descent	descendants
hesitation	hesitate	hesitations
spade		spades
basin		basins
weed		weeds
omission		omissions
old-fashioned	old	
bicycle		bicycles
breadth	broad	broadcast	
photography	photograph	photographs
coward	cowardice	cowardly
mat		mats
rejoice		rejoices	rejoiced	rejoicing
cheat		cheats	cheated	cheating
congratulate	congratulation	congratulates	congratulated	congratulating
discomfort	comfort	discomforts	discomforted	discomforting
enclosure	enclose	enclosures
attentive	attend	attention	attentively
paw		paws
overflow	over	overcome	flow	overflows	overflowed	overflowing
dissatisfy	dissatisfaction	dissatisfies	dissatisfied	dissatisfying
multiplication	multiply	
whichever	which	
tidy		tidies	tidied	tidying
bribe	bribery	bribes	bribing	bribed
mend		mends	mended	mending
stocking		stockings
feast		feasts	feasting
nuisance		nuisances
thorn		thorns
tame		
inclusive	include	inclusively
homemade	home	homecoming	homework	
handwriting	hand	handle	handshake	handkerchief	
chalk		
sour		
slippery	slip	
procession		processions
ripen	ripe	ripens	ripened	ripening
jealous	jealousy	
jealousy	jealous	
liar	lie	
homecoming	home	homemade	homework	homecomings
barber		barbers
whiten	white	whitens	whitening	whitened
berry		berries
lighten	light	lightens	lightened	lightening
pigeon		pigeons
hinder	hindrance	hinders	hindered	hindering
bravery	brave	
baggage		
noun		nouns
amongst	among	
grammar	grammatical	
cultivation	cultivate	cultivator	
companionship	companion	
rubbish		
modesty	modest	
woolen	wool	
deepen	deep	depth	deepens	deepened	deepening
pastry		pastries
cupboard		cupboards
quart		quarts	quarterly	headquarters
canal		canals
notebook	note	notebooks
deceit	deceive	deceits	deceitful
parcel		parcels
brighten	bright	brightens	brightened
moderation	moderate	
punctual		punctuality	punctually
hurrah		
lipstick		
uppermost	upper	
fatten	fat	fattens	fattened	fattening
conqueror	conquer	conquest	conquerors
hindrance	hinder	hindrances
cowardice	coward	
obedient	obedience	obey	obediently
saucer		saucers
madden		maddens	maddened	maddening
scold		scolds	scolded	scolding
weekday	week	weekend	weekdays
rotten		
disrespect	respect	disrespects	disrespected	disrespecting	disrespectful
widower	widow	
deafen	deaf	deafens	deafening	deafened
donkey		donkeys
businesslike	business	businessman	unbusinesslike
motherhood	mother	motherly	
sadden	sad	saddens	saddened	saddening
handshake	hand	handle	handkerchief	handwriting	handshakes
calculator	calculate	calculation	
headdress	head	headache	headdresses
scissors		
translator	translate	translation	
possessor	possess	possession	possessors
shilling		shillings
redden	red	reddens	reddened	reddening
motherly	mother	motherhood	
whose		
cultivator	cultivate	cultivation	
whom	who	whoever	
homework	home	homemade	homecoming	
electrician	electric	electricians
oar		oars
bribery	bribe	
sweeten	sweet	sweetens	sweetened	sweetening
sow		sows	sown	sowing
pronunciation	pronounce	
beak		beaks
plural		
