,0
0,the
1,be
2,been
3,is
4,are
5,was
6,were
7,am
8,of
9,and
10,a
11,an
12,to
13,in
14,he
15,him
16,his
17,have
18,has
19,had
20,it
21,that
22,for
23,they
24,I
25,me
26,my
27,with
28,within
28,without
29,as
30,not
31,on
32,she
33,her
34,hers
35,at
36,by
37,this
38,these
39,we
40,us
41,our
42,ours
43,you
44,your
45,yours
46,yourself
47,do
48,does
49,did
50,done
51,but
52,from
53,or
54,which
55,whichever
56,one
57,would
58,all
59,will
60,willing
61,willingly
62,unwilling
63,there
64,say
65,says
66,said
67,saying
68,who
69,whoever
70,whom
71,make
72,makes
73,made
74,making
75,maker
76,when
77,whenever
78,can
79,could
80,more
81,moreover
82,if
83,no
84,nobody
85,nowhere
86,man
87,mankind
88,men
89,manhood
90,out
91,outline
92,outside
93,outward
94,other
95,otherwise
96,others
97,so
98,what
99,whatever
100,time
101,times
102,timely
103,up
104,go
105,goes
106,gone
107,about
108,than
109,into
112,state
113,states
114,stated
115,stating
116,statement
117,only
118,new
119,news
120,newspaper
121,newly
122,year
123,years
124,yearly
125,some
126,take
127,takes
128,took
129,taken
130,taking
131,come
132,comes
133,came
134,coming
137,know
138,knowledge
139,knows
140,knew
141,knowing
142,see
143,sees
144,seen
145,seeing
146,use
147,uses
148,used
149,using
150,useful
151,usefulness
152,useless
153,user
154,get
155,gets
156,got
157,like
158,likely
159,likes
160,liked
161,liking
162,unlike
163,then
164,first
165,any
166,work
167,works
168,worked
169,working
170,workings
171,worker
172,workman
173,workshop
174,workmanship
175,now
176,nowadays
177,may
178,such
179,give
180,gift
181,gives
182,given
183,gave
184,giving
185,over
186,overcome
187,overflow
188,think
189,thinks
190,thought
191,thinking
192,thinker
193,most
194,mostly
195,even
196,find
197,finds
198,found
199,finding
200,day
201,daily
202,daylight
203,days
204,also
205,after
206,way
207,ways
208,wayside
209,many
210,must
211,look
212,looks
213,looked
214,looking
215,before
216,great
217,greatcoat
218,greatly
219,greatness
220,back
221,backward
222,backbone
223,background
224,through
225,throughout
226,long
227,where
228,wherever
229,much
230,should
231,shall
232,well
233,people
234,down
235,own
236,ownership
237,owns
238,owned
239,owning
240,owner
241,just
242,justice
243,justly
244,unjust
245,unjustly
246,because
247,good
248,each
249,those
250,feel
251,feels
252,felt
253,feeling
254,seem
255,seems
256,seemed
257,seeming
258,how
259,however
260,high
261,height
262,heighten
263,highway
264,too
265,place
266,places
267,placed
268,placing
269,little
270,world
271,worldwide
272,worldly
273,worldliness
274,very
275,still
276,stillness
277,nation
278,native
279,international
280,nations
281,national
282,hand
283,handkerchief
284,handle
285,handshake
286,handwriting
287,hands
288,handy
289,old
290,old-fashioned
291,older
292,oldest
293,life
294,live
295,lives
296,tell
297,tells
298,told
299,telling
300,write
301,writes
302,wrote
303,writing
304,become
305,becomes
306,became
307,becoming
308,here
309,show
310,shows
311,shown
312,showing
313,showy
314,house
315,houses
316,household
317,householder
318,housewife
319,both
320,between
321,need
322,necessary
323,necessity
324,needs
325,needed
326,needing
327,needless
328,needy
329,mean
330,meantime
331,meanwhile
332,meant
333,meaning
334,means
335,call
336,calls
337,called
338,calling
339,develop
340,develops
341,developed
342,developing
343,development
344,under
345,underneath
346,last
347,right
348,rightly
349,move
350,moves
351,movement
352,thing
353,things
354,general
355,generally
356,school
357,schools
358,never
359,same
360,another
361,begin
362,begins
363,began
364,begun
365,beginning
366,beginnings
367,while
368,whilst
369,number
370,numerous
371,numbers
372,part
373,particle
374,parts
375,partly
376,partial
377,partially
378,turn
379,turns
380,turning
381,real
382,realise
383,really
384,reality
385,leave
386,leaves
387,leaving
388,might
389,want
390,wants
391,wanted
392,wanting
393,point
394,points
395,pointed
396,pointer
397,form
398,forms
399,formed
400,forming
401,off
402,child
403,childhood
404,children
405,childish
406,childlike
407,few
408,small
409,smallness
410,since
411,against
412,ask
413,asks
414,asked
415,asking
416,late
417,lately
418,later
419,home
420,homecoming
421,homemade
422,homework
423,homes
424,homely
425,interest
426,interesting
427,large
428,largely
429,person
430,personal
431,personally
432,end
433,ending
434,endless
435,open
436,opens
437,opened
438,opening
439,openly
440,public
441,publicly
442,follow
443,follows
444,followed
445,following
446,during
447,present
448,presence
449,presents
450,presented
451,presenting
452,without
454,within
455,again
456,hold
457,holds
458,held
459,holding
460,holder
461,govern
462,governor
463,governs
464,governed
465,governing
466,government
467,governments
468,around
469,possible
470,impossible
471,possibly
472,possibility
473,head
474,headache
475,headdress
476,heads
477,headed
478,heading
479,consider
480,considers
481,considered
482,considering
483,word
484,words
485,programme
486,programmes
487,problem
488,problems
491,lead
492,leadership
493,leads
494,led
495,leading
496,leader
497,leaders
498,system
499,systems
500,systematic
501,systematically
502,set
503,sets
504,setting
505,order
506,orders
507,orderly
508,eye
509,eyes
510,eyeing
511,eyed
512,plan
513,plans
514,planned
515,planning
516,run
517,runs
518,ran
519,running
520,runner
521,keep
522,keeps
523,kept
524,keeping
525,keeper
526,face
527,faces
528,fact
529,facts
530,group
531,groups
532,play
533,plays
534,played
535,playing
536,player
537,playground
538,plaything
539,stand
540,stands
541,standing
542,stood
543,increase
544,increases
545,increased
546,increasing
547,early
548,earliness
549,course
550,change
551,changes
552,changed
553,changing
554,help
555,helps
556,helped
557,helper
558,helpful
559,helpless
560,line
561,lines
562,city
563,citizen
564,cities
565,put
566,puts
567,putting
568,close
569,closes
570,closing
571,closed
572,case
573,cases
574,force
575,forces
576,forcing
577,forced
578,meet
579,meets
580,met
581,meeting
582,once
583,water
584,watercourse
585,waterfall
586,waterpipe
587,waterproof
588,waterway
589,waterworks
590,watery
591,upon
592,war
593,wars
594,build
595,builds
596,built
597,building
598,hear
599,hears
600,hearing
601,heard
602,hearer
603,light
604,lighten
605,lights
606,lighter
607,lightly
608,lightness
609,unite
610,union
611,unit
612,unity
613,unites
614,united
615,uniting
618,lived
619,living
620,every
621,everybody
622,everyday
623,everyone
624,everything
625,everywhere
626,country
627,countries
628,bring
629,brings
630,bringing
631,brought
632,centre
633,centres
634,center
635,let
636,side
637,sides
638,sideways
639,try
640,trial
641,tries
642,tried
643,trying
644,provide
645,provides
646,provided
647,providing
648,continue
649,continues
650,continued
651,continuing
652,continuous
653,continuously
654,name
655,names
656,nameless
657,namely
658,certain
659,certainty
660,certainly
661,power
662,powerful
663,pay
664,pays
665,paying
666,paid
667,unpaid
668,payment
669,result
670,results
671,question
672,questions
673,study
674,student
675,studies
676,studying
677,studied
678,woman
679,women
680,member
681,membership
682,members
683,until
684,till
685,far
686,faraway
687,farther
688,farthest
689,night
690,tonight
691,nights
692,goodnight
693,always
694,service
695,servant
696,serve
697,services
698,servicing
699,serviced
700,away
701,report
702,reports
703,reported
704,reporting
705,reporter
706,something
707,company
708,companies
709,week
710,weekday
711,weekend
712,weeks
713,weekly
714,church
715,toward
716,towards
717,start
718,starts
719,started
720,starting
721,social
722,society
723,socially
724,room
725,rooms
726,figure
727,figures
728,nature
729,natural
730,naturally
731,though
732,although
733,young
734,youngster
735,less
736,lessen
737,enough
738,almost
739,read
740,reads
741,reading
742,reader
743,include
744,inclusive
745,includes
746,included
747,including
748,president
749,presidents
750,nothing
751,yet
752,better
753,big
754,boy
755,boys
756,cost
757,costs
758,business
759,businesslike
760,businessman
761,businesses
762,value
763,valuable
764,values
765,valueless
766,second
767,seconds
768,secondhand
769,secondly
770,why
771,clear
772,clears
773,cleared
774,clearing
775,clearly
776,clearness
777,expect
778,expects
779,expected
780,expecting
781,expectation
782,family
783,families
784,complete
785,completion
786,completes
787,completed
788,completing
789,act
790,action
791,active
792,acts
793,acted
794,acting
795,activity
796,activities
797,sense
798,sensitive
799,senses
800,senseless
801,insensible
802,sensation
803,sensible
804,sensibly
805,mind
806,minds
807,minded
808,minding
809,experience
810,experiences
811,experienced
812,art
813,artist
814,artists
815,artistic
816,next
817,near
818,nearly
819,direct
820,direction
821,director
822,directs
823,directed
824,directing
825,directly
826,car
827,cars
828,law
829,laws
830,lawful
831,unlawful
832,lawfully
833,unlawfully
834,lawless
835,industry
836,industries
837,industrial
838,important
839,importance
840,girl
841,girls
842,god
843,gods
844,goddess
845,godfather
846,godmother
847,several
848,matter
849,matters
850,usual
851,usually
852,rather
853,per
854,often
855,kind
856,unkind
857,kindly
858,kindness
859,among
860,amongst
861,white
862,whiten
863,reason
864,reasonable
865,reasons
869,actions
870,return
871,returns
872,returned
873,returning
874,foot
875,feet
876,football
877,foothold
878,footpath
879,footprint
880,footstep
881,footnote
882,care
883,cares
884,cared
885,caring
886,careful
887,careless
888,simple
889,simplicity
890,simply
894,love
895,lovely
896,loves
897,loved
898,lovable
899,lover
900,loving
901,lovingly
902,human
903,humans
904,along
905,appear
906,appearance
907,disappear
908,appears
909,appeared
910,appearing
911,doctor
912,doctors
913,believe
914,belief
915,believes
916,believed
917,believing
918,speak
919,speech
920,speaks
921,speaker
925,actively
928,students
929,month
930,months
931,monthly
932,drive
933,drives
934,drove
935,driven
936,concern
937,concerns
938,concerned
939,concerning
940,best
941,door
942,doors
943,hope
944,hopes
945,hoped
946,hopeful
947,hopeless
948,example
949,examples
950,inform
951,informs
952,informed
953,informing
954,information
955,body
956,bodies
957,bodily
958,bodyguard
959,ever
960,everlasting
961,least
962,probable
963,probably
964,probability
965,understand
966,understands
967,understood
968,understanding
969,reach
970,reaches
971,reached
972,reaching
973,effect
974,effective
975,effects
976,different
977,difference
978,differently
979,idea
980,ideas
981,whole
982,wholly
983,control
984,controls
985,controlled
986,controlling
987,condition
988,conditions
989,field
990,fields
991,pass
992,past
993,passes
994,passed
995,passing
996,fall
997,falls
998,fell
999,fallen
1000,note
1001,notebook
1002,notes
1003,noted
1004,notepaper
1005,special
1006,specially
1007,talk
1008,talked
1009,talking
1010,talks
1011,particular
1012,particularly
1013,today
1014,measure
1015,measures
1016,measured
1017,measuring
1018,measurement
1019,measurements
1020,walk
1021,walks
1022,walked
1023,walking
1024,teach
1025,teaches
1026,taught
1027,teaching
1028,teachings
1029,teacher
1030,low
1031,lower
1032,lowland
1033,hour
1034,hours
1035,hourly
1036,type
1037,types
1038,typed
1039,typing
1040,typewriter
1041,typewrite
1042,typist
1043,carry
1044,carries
1045,carrying
1046,carried
1047,rate
1048,rates
1049,remain
1050,remains
1051,remained
1052,remaining
1053,full
1054,street
1055,streets
1056,easy
1057,easily
1060,record
1061,records
1062,recorded
1063,recording
1064,sit
1065,sits
1066,sat
1067,sitting
1068,determine
1069,determines
1070,determining
1071,determined
1072,determination
1073,level
1074,levels
1075,local
1076,locally
1077,sure
1078,surely
1079,receive
1080,receipt
1081,receives
1082,received
1083,receiving
1084,receiver
1085,thus
1086,moment
1087,momentary
1088,moments
1089,spirit
1090,spirits
1091,train
1092,trains
1093,trained
1094,training
1095,college
1096,colleges
1097,religion
1098,religions
1099,religious
1100,perhaps
1101,music
1102,musician
1103,musical
1104,musicals
1105,grow
1106,growth
1107,grows
1108,growing
1109,grown
1110,free
1111,freedom
1112,frees
1113,freed
1114,freeing
1115,freely
1116,cause
1117,causes
1118,caused
1119,causing
1123,serves
1124,served
1125,serving
1126,age
1127,ages
1128,book
1129,books
1130,board
1131,boards
1132,recent
1133,recently
1134,sound
1135,sounds
1136,office
1137,officer
1138,official
1139,offices
1140,cut
1141,cuts
1142,cutting
1143,step
1144,steps
1145,class
1146,classification
1147,classify
1148,TRUE
1149,truth
1150,truly
1151,history
1152,position
1153,positions
1154,above
1155,strong
1156,strength
1157,strengthen
1158,strongly
1159,friend
1160,friendly
1161,friendship
1162,friends
1166,necessarily
1167,unnecessary
1168,add
1169,adds
1170,adding
1171,added
1172,court
1173,courts
1174,courtyard
1175,deal
1176,deals
1177,dealt
1178,dealer
1179,dealing
1180,dealings
1181,tax
1182,taxes
1183,taxed
1184,taxing
1185,support
1186,supports
1187,supporting
1188,supported
1189,party
1190,parties
1191,whether
1192,either
1193,land
1194,landlord
1195,lands
1196,landed
1197,landing
1198,material
1199,materials
1200,happen
1201,happens
1202,happened
1203,happening
1204,education
1205,educate
1206,educator
1207,educational
1208,death
1209,dead
1210,deaths
1211,deathbed
1212,agree
1213,disagree
1214,agrees
1215,agreed
1216,agreeing
1217,agreement
1218,arm
1219,arms
1220,armour
1221,unarmed
1222,mother
1223,motherhood
1224,motherly
1225,mothers
1226,across
1227,quite
1228,anything
1229,town
1230,towns
1233,view
1234,views
1237,societies
1238,manage
1239,manages
1240,managed
1241,managing
1242,management
1243,manager
1244,answer
1245,answers
1246,answering
1247,answered
1248,break
1249,breaks
1250,broke
1251,breaking
1252,breakage
1253,organise
1254,organises
1255,organising
1256,organised
1257,organisation
1258,organizes
1259,organized
1260,organizing
1261,organization
1262,half
1263,halve
1264,fire
1265,fires
1266,firing
1267,lose
1268,loss
1269,loses
1270,losing
1271,lost
1272,money
1273,stop
1274,stops
1275,stopped
1276,stopping
1277,stoppage
1278,stopper
1279,actual
1280,actually
1281,already
1282,effort
1283,wait
1284,waiter
1285,waits
1286,waited
1287,waiting
1288,department
1289,departments
1290,able
1291,ability
1292,political
1293,politician
1294,politics
1295,politically
1296,learn
1297,learns
1298,learned
1299,learning
1300,voice
1301,voices
1302,air
1303,together
1306,cover
1307,covers
1308,covered
1309,covering
1310,common
1311,commonly
1312,uncommon
1313,commonsense
1314,subject
1315,subjects
1316,draw
1317,draws
1318,short
1319,shorten
1320,shortly
1321,shortness
1322,wife
1323,wives
1324,treat
1325,treats
1326,treated
1327,treating
1328,limit
1329,limits
1330,limitation
1331,road
1332,roads
1333,roadside
1334,letter
1335,letters
1336,colour
1337,colours
1338,colouring
1339,color
1340,colors
1341,coloring
1342,behind
1343,produce
1344,product
1345,production
1346,produces
1347,produced
1348,producing
1349,send
1350,sends
1351,sent
1352,sending
1353,term
1354,terms
1355,total
1356,totals
1357,totally
1358,university
1359,universities
1360,rise
1361,rises
1362,rose
1363,risen
1364,rising
1365,century
1366,centuries
1367,success
1368,succeed
1369,successes
1370,minute
1371,minutes
1372,remember
1373,remembers
1374,remembered
1375,remembering
1376,purpose
1377,purposes
1378,test
1379,testing
1380,tests
1381,tested
1382,fight
1383,fights
1384,fighter
1385,watch
1386,watches
1387,watched
1388,watching
1389,watchful
1390,watchfulness
1391,situation
1392,situations
1393,south
1394,southeast
1395,southeastern
1396,southern
1397,southward
1398,southwest
1399,southwestern
1400,ago
1403,differences
1404,stage
1405,stages
1406,father
1407,fathers
1408,table
1409,tables
1410,rest
1411,rests
1412,rested
1413,resting
1414,bear
1415,bears
1416,bearing
1417,entire
1418,entirely
1419,market
1420,markets
1421,prepare
1422,prepares
1423,prepared
1424,preparing
1425,preparation
1426,explain
1427,explains
1428,explained
1429,explaining
1430,explanation
1431,offer
1432,offers
1433,offering
1434,offered
1435,plant
1436,plants
1437,planter
1438,charge
1439,charges
1440,charged
1441,charging
1442,ground
1443,grounds
1444,groundwork
1445,west
1446,western
1447,picture
1448,pictures
1449,hard
1450,harden
1451,hardness
1452,front
1453,lie
1454,liar
1455,lies
1456,lied
1457,lying
1458,modern
1459,modernise
1460,dark
1461,darken
1462,darkness
1463,surface
1464,surfaces
1465,rule
1466,ruled
1467,rules
1468,ruling
1469,regard
1470,disregard
1471,regards
1472,regarded
1473,regarding
1474,regardless
1475,dance
1476,dances
1477,danced
1478,dancing
1479,peace
1480,peaceful
1481,observe
1482,observes
1483,observed
1484,observing
1485,future
1486,wall
1487,walls
1488,farm
1489,farms
1490,claim
1491,claims
1492,claimed
1493,claiming
1494,firm
1495,firmly
1496,firmness
1497,operation
1498,operate
1499,operator
1500,operations
1501,further
1502,pressure
1503,press
1504,pressures
1505,pressured
1506,pressuring
1507,property
1508,morning
1509,mornings
1510,amount
1511,top
1516,piece
1517,pieces
1518,sometimes
1519,beauty
1520,beautiful
1521,beautifully
1522,trade
1523,trades
1524,trading
1525,trader
1526,tradesman
1527,fear
1528,fears
1529,feared
1530,fearful
1531,fearless
1532,demand
1533,demands
1534,demanded
1535,demanding
1536,wonder
1537,wonders
1538,wondered
1539,wondering
1540,wonderful
1541,wonderfully
1542,list
1543,lists
1544,accept
1545,accepts
1546,accepted
1547,accepting
1548,judge
1549,judges
1550,judgment
1551,paint
1552,paints
1553,painted
1554,painter
1555,painters
1556,mile
1557,miles
1558,mileage
1559,milestone
1560,soon
1561,sooner
1562,responsible
1563,responsibility
1564,allow
1565,allowance
1566,allows
1567,allowed
1568,allowing
1569,secretary
1570,secretaries
1571,heart
1572,hearts
1577,unions
1578,slow
1579,slowly
1580,slowness
1581,island
1582,islands
1583,enter
1584,entrance
1585,enters
1586,entered
1587,entering
1588,drink
1589,drinks
1590,drunk
1591,drank
1592,drinking
1593,story
1594,stories
1595,experiment
1596,experiments
1597,experimental
1598,experimentally
1599,stay
1600,stays
1601,stayed
1602,staying
1603,paper
1604,space
1605,spaced
1606,spacing
1607,spaces
1608,apply
1609,application
1610,applies
1611,applied
1612,applying
1613,decide
1614,decision
1615,decisive
1616,decides
1617,deciding
1618,decided
1619,decidedly
1620,share
1621,shares
1622,shared
1623,sharing
1624,desire
1625,desires
1626,desiring
1627,desired
1628,spend
1629,spends
1630,spent
1631,spending
1632,sign
1633,signal
1634,signature
1635,signs
1636,therefore
1637,various
1638,variety
1639,variously
1640,visit
1641,visitor
1642,visits
1643,visiting
1644,supply
1645,supplies
1646,supplying
1647,supplied
1651,officers
1652,doubt
1653,doubts
1654,doubted
1655,doubting
1656,doubtful
1657,doubtless
1658,private
1659,immediate
1660,immediately
1661,wish
1662,wishes
1663,wished
1664,wishing
1665,contain
1666,contains
1667,contained
1668,containing
1669,container
1670,feed
1671,feeds
1672,fed
1673,feeding
1674,raise
1675,raises
1676,raised
1677,raising
1678,describe
1679,description
1680,described
1681,describes
1682,describing
1683,ready
1684,horse
1685,horses
1686,horseback
1687,horseman
1688,horseshoe
1689,son
1690,sons
1691,exist
1692,existence
1693,exists
1694,existed
1695,existing
1696,north
1697,northern
1698,northeast
1699,northwest
1700,northwards
1701,suggest
1702,suggestion
1703,suggests
1704,suggested
1705,suggesting
1706,station
1707,stations
1710,effectively
1711,food
1712,deep
1713,deepen
1714,depth
1715,deeply
1716,wide
1717,widen
1718,width
1719,alone
1720,character
1721,characters
1722,english
1723,happy
1724,happily
1725,critic
1726,critics
1727,critical
1732,units
1736,products
1737,respect
1738,disrespect
1739,respects
1740,respected
1741,respecting
1742,respectful
1743,drop
1744,drops
1745,dropped
1746,dropping
1747,nor
1748,fill
1749,fills
1750,filled
1751,filling
1752,cold
1753,coldly
1754,coldness
1755,represent
1756,representative
1757,represents
1758,represented
1759,representing
1760,sudden
1761,suddenly
1762,basic
1763,base
1764,basis
1765,kill
1766,kills
1767,killed
1768,killing
1769,fine
1770,finely
1771,fineness
1772,trouble
1773,troubles
1774,troubled
1775,troublesome
1776,mark
1777,marks
1778,marked
1779,marking
1780,single
1781,singly
1784,heavy
1785,heavily
1786,attempt
1787,attempts
1788,origin
1789,original
1790,originality
1791,originally
1792,standard
1793,standards
1794,standardise
1801,committee
1802,committees
1803,moral
1804,immoral
1805,immorality
1806,morality
1807,morally
1808,black
1809,red
1810,redden
1811,bad
1812,badly
1813,badness
1814,earth
1815,earthly
1816,earthworm
1817,earthy
1818,accord
1819,else
1820,elsewhere
1821,mere
1822,merely
1823,die
1824,dies
1825,died
1826,dying
1827,remark
1828,remarks
1829,remarked
1830,remarking
1834,except
1835,exception
1836,excepting
1837,equal
1838,equally
1839,equality
1840,east
1841,event
1842,eventful
1843,uneventful
1844,employ
1845,employee
1846,employs
1847,employing
1848,employed
1849,unemployed
1850,employer
1851,employers
1852,employment
1853,defence
1854,defend
1855,defendant
1856,defense
1857,smile
1858,smiles
1859,smiled
1860,smiling
1861,river
1862,rivers
1863,improve
1864,improves
1865,improved
1866,improving
1867,improvement
1868,improvements
1869,game
1870,games
1871,detail
1872,details
1873,detailed
1874,account
1875,accounts
1876,accounted
1877,accounting
1878,cent
1879,cents
1880,sort
1881,reduce
1882,reduction
1883,reduces
1884,reduced
1885,reducing
1886,club
1887,clubs
1888,buy
1889,buys
1890,buying
1891,bought
1892,attention
1893,attend
1894,attentive
1895,ship
1896,ships
1897,shipbuilding
1898,shipment
1899,shipper
1900,shipwreck
1904,decisions
1905,wear
1906,wears
1907,wore
1908,worn
1909,inside
1910,win
1911,wins
1912,won
1913,winning
1914,suppose
1915,ride
1916,rides
1917,riding
1918,rode
1922,operates
1923,operated
1924,operating
1927,realises
1928,realised
1929,realising
1930,realisation
1931,realize
1932,realizes
1933,realized
1934,realizing
1935,realization
1936,sale
1937,salesman
1938,sales
1939,choose
1940,choice
1941,chooses
1942,chose
1943,chosen
1944,choosing
1945,park
1946,parks
1947,square
1948,vote
1949,votes
1950,voted
1951,voting
1952,voter
1953,price
1954,prices
1955,district
1956,districts
1959,foreign
1960,foreigner
1961,window
1962,windows
1963,beyond
1967,directions
1968,strike
1969,strikes
1970,struck
1971,striking
1972,instead
1975,trials
1976,practice
1977,practical
1978,practise
1979,practises
1980,practised
1981,practising
1982,catch
1983,catches
1984,opportunity
1985,opportunities
1988,unlikely
1989,recognise
1990,recognition
1991,recognises
1992,recognised
1993,recognising
1994,recognize
1995,recognizing
1996,recognized
1997,permit
1998,permission
1999,permits
2000,permitted
2001,permitting
2002,serious
2003,seriously
2004,attack
2005,attacks
2006,floor
2007,floors
2008,association
2009,associations
2010,spring
2011,springs
2012,sprang
2013,sprung
2014,lot
2015,stock
2016,stocks
2017,lack
2018,lacks
2019,lacked
2020,lacking
2021,hair
2022,science
2023,scientific
2024,scientist
2025,sciences
2026,relation
2027,relate
2028,relative
2029,relations
2030,profession
2031,professions
2032,professional
2033,pattern
2034,patterns
2035,quick
2036,quickly
2037,quickness
2038,medical
2039,medicine
2040,medicals
2041,medically
2042,influence
2043,influential
2044,influences
2045,influenced
2046,influencing
2047,occasion
2048,occasions
2049,occasional
2050,occasionally
2051,machine
2052,machinery
2053,machines
2054,compare
2055,comparison
2056,compares
2057,compared
2058,comparing
2059,husband
2060,blue
2063,fair
2064,unfair
2065,fairly
2066,unfairly
2067,especially
2068,especial
2069,indeed
2070,imagine
2071,imaginary
2072,imaginative
2073,imagines
2074,imagined
2075,imagining
2076,imagination
2077,surprise
2078,surprises
2079,surprising
2080,surprisingly
2081,average
2085,officials
2086,officially
2087,temperature
2088,difficult
2089,difficulty
2090,sing
2091,song
2092,sings
2093,sang
2094,sung
2095,singer
2096,singers
2097,hit
2098,hits
2099,tree
2100,trees
2101,race
2102,races
2103,police
2104,policeman
2105,touch
2106,touches
2107,touched
2108,touching
2112,relatives
2113,throw
2114,throws
2115,thrown
2116,threw
2117,throwing
2118,quality
2119,qualities
2120,former
2121,formerly
2122,pull
2123,pulls
2124,pulled
2125,pulling
2126,chance
2127,chances
2128,prove
2129,proof
2130,proves
2131,proved
2132,proving
2133,argue
2134,argues
2135,argued
2136,arguing
2137,argument
2138,arguments
2139,settle
2140,settled
2141,settles
2142,settling
2143,settlement
2144,settler
2147,growths
2148,date
2149,dates
2150,heat
2151,heating
2152,save
2153,safe
2154,safety
2155,saves
2156,saving
2157,saved
2158,performance
2159,perform
2160,performances
2161,count
2162,counts
2163,counting
2164,counted
2168,listen
2169,listened
2170,listens
2171,listening
2172,listener
2173,main
2174,mainly
2175,mainland
2176,pick
2177,picked
2178,picks
2179,picking
2180,peck
2181,size
2182,sizes
2183,cool
2184,coolly
2185,coolness
2186,army
2187,armies
2188,patient
2189,patience
2190,patients
2191,patiently
2192,combine
2193,combines
2194,combining
2195,combined
2196,combination
2197,summer
2198,hall
2199,halls
2200,slight
2201,slightly
2202,command
2203,commands
2204,enjoy
2205,enjoys
2206,enjoyed
2207,enjoying
2208,enjoyable
2209,enjoyment
2210,length
2211,lengthen
2212,proper
2213,properly
2214,improper
2215,improperly
2216,express
2217,expression
2218,expresses
2219,expressed
2220,expressing
2221,health
2222,heal
2223,healthy
2224,chief
2225,chiefly
2226,evening
2227,store
2228,stores
2229,stored
2230,storing
2231,language
2232,languages
2233,degree
2234,degrees
2235,lay
2236,lays
2237,laid
2238,current
2239,currents
2240,gun
2241,guns
2242,gunboat
2243,gunner
2244,gunpowder
2245,dog
2246,dogs
2247,hotel
2248,hotels
2249,strange
2250,strangely
2251,strangeness
2252,stranger
2253,separate
2254,separation
2255,separately
2256,boat
2257,boats
2258,fail
2259,failure
2260,fails
2261,failed
2262,failing
2263,clean
2264,cleanly
2265,cleanness
2266,dress
2267,dresses
2268,anyone
2269,gain
2270,gains
2271,gained
2272,gaining
2273,pain
2274,pains
2275,painful
2276,painfully
2277,object
2278,objection
2279,objects
2280,objected
2281,objecting
2284,depend
2285,dependence
2286,dependent
2287,depends
2288,depended
2289,depending
2290,dependant
2294,relates
2295,related
2296,relating
2297,below
2298,dollar
2299,dollars
2300,advance
2301,advanced
2302,shape
2303,shapes
2304,shaped
2305,shaping
2306,shapeless
2307,arrange
2308,arranges
2309,arranged
2310,arranging
2311,arrangement
2312,arrangements
2313,population
2314,yes
2315,sell
2316,sells
2317,sold
2318,selling
2319,seller
2320,mention
2321,mentioned
2322,mentions
2323,mentioning
2324,dry
2325,dryly
2326,dryness
2327,check
2328,checks
2329,checked
2330,checking
2331,poet
2332,poets
2333,poetry
2334,poetic
2335,sleep
2336,sleeps
2337,slept
2338,sleeping
2339,sleepless
2340,sleepiness
2341,join
2342,joint
2343,joins
2344,joined
2345,hot
2346,hotly
2347,bed
2348,bedroom
2349,beds
2350,bedding
2351,electric
2352,electrician
2353,electricity
2354,dream
2355,dreams
2356,dreamy
2357,due
2358,season
2359,seasons
2360,manner
2361,manners
2362,fit
2363,fits
2364,fitting
2365,fitness
2366,left
2367,progress
2368,progresses
2369,progressed
2370,neither
2374,notice
2375,notices
2376,noticed
2377,noticing
2378,noticeable
2379,finish
2380,finishes
2381,finished
2382,finishing
2383,opinion
2384,opinions
2385,bill
2386,bills
2389,westerns
2392,truthful
2393,truthfulness
2394,wrong
2395,wrongly
2396,travel
2397,travels
2398,travelled
2399,travelling
2400,suit
2401,suits
2402,suited
2403,bank
2404,banks
2405,exact
2406,exactly
2407,honour
2408,honourable
2409,dishonour
2410,dishonourable
2411,brother
2412,brothers
2413,quiet
2414,quieten
2415,quietly
2416,quietness
2417,marry
2418,marriage
2419,marries
2420,marrying
2421,married
2422,corner
2423,corners
2429,handles
2430,danger
2431,dangerous
2432,hospital
2433,hospitals
2434,pool
2435,pools
2436,promise
2437,promised
2438,blood
2439,bleed
2440,shoot
2441,shot
2442,shoots
2443,shooting
2444,scene
2445,scenery
2446,scenes
2447,literature
2448,literary
2449,arrive
2450,arrived
2451,arrives
2452,arriving
2453,arrival
2454,film
2455,films
2459,bases
2460,based
2461,basing
2464,bar
2465,bars
2466,maybe
2467,hang
2468,hangs
2469,hanged
2470,hung
2471,hanging
2472,suffer
2473,suffers
2474,suffering
2475,sufferer
2476,manufacture
2477,manufactures
2478,frequent
2479,frequency
2480,rock
2481,rocks
2482,rocked
2483,rocking
2486,losses
2487,burn
2488,burns
2489,burned
2490,burnt
2491,burning
2492,sun
2493,suns
2494,sunbeam
2495,sunburnt
2496,sunlight
2497,sunny
2498,sunrise
2499,sunset
2500,sunshine
2501,audience
2502,audiences
2503,essential
2504,essence
2505,essentially
2506,glass
2507,glasses
2508,glassy
2509,prevent
2510,prevention
2511,prevents
2512,preventing
2513,preventive
2514,poem
2515,poems
2516,poor
2517,poverty
2518,inch
2519,inches
2522,songs
2523,skill
2524,skills
2525,skilled
2526,skilful
2527,skilfully
2528,post
2529,postage
2530,postal
2531,postman
2532,postmaster
2533,popular
2534,popularly
2535,popularity
2536,radio
2537,radios
2538,animal
2539,animals
2540,conscious
2541,consciousness
2542,unconscious
2543,unconsciously
2544,unconsciousness
2545,worth
2546,worthless
2547,worthwhile
2548,eat
2549,eats
2550,ate
2551,eaten
2552,eating
2553,election
2554,elect
2555,elections
2556,electorate
2557,faith
2558,faiths
2559,faithful
2560,faithfully
2561,wave
2562,waves
2563,waved
2564,waving
2565,wavy
2566,murder
2567,model
2568,models
2569,forget
2570,forgets
2571,forgot
2572,forgetting
2573,forgotten
2574,forgetful
2575,forgetfulness
2576,extend
2577,extension
2578,extensive
2579,extent
2580,extends
2581,extended
2582,extending
2583,edge
2584,distance
2585,distant
2586,distances
2587,memory
2588,memorial
2589,memorise
2590,recommend
2591,recommends
2592,recommended
2593,recommending
2594,recommendation
2595,division
2596,divide
2597,divisions
2598,staff
2599,leg
2600,legs
2601,discussion
2602,discuss
2603,discussions
2604,address
2605,addresses
2606,fly
2607,flies
2608,flew
2609,flying
2613,dependents
2614,ball
2615,balls
2616,shake
2617,shakes
2618,shaken
2619,shaking
2620,frame
2621,framework
2622,frames
2623,extreme
2624,extremes
2625,extremely
2626,engineer
2627,engine
2628,engineers
2629,engineering
2630,thick
2631,thicken
2632,thickly
2633,thickness
2634,comfort
2635,discomfort
2636,comforting
2637,comfortable
2638,uncomfortable
2639,latter
2640,camp
2641,camps
2642,camped
2643,camping
2644,oil
2645,oily
2646,discover
2647,discovery
2648,discovers
2649,discovering
2650,discovered
2651,discoverer
2652,examine
2653,examines
2654,examined
2655,examining
2656,examination
2657,examinations
2660,difficulties
2661,tooth
2662,teeth
2663,middle
2666,choices
2667,refer
2668,reference
2669,referring
2670,referred
2671,refers
2672,enemy
2673,enemies
2676,practically
2679,marriages
2680,bridge
2681,bridges
2682,declare
2683,declares
2684,declared
2685,declaring
2686,declaration
2687,lady
2688,ladies
2689,cross
2690,crosses
2691,crossing
2692,crossings
2696,afternoon
2697,afternoons
2701,attends
2702,attended
2703,attending
2707,directors
2708,balance
2709,balances
2710,balancing
2711,balanced
2712,wash
2713,washes
2714,washed
2715,washing
2716,capital
2717,capitals
2718,speed
2719,block
2720,blocks
2723,citizens
2724,mouth
2725,mouths
2726,mouthful
2727,hill
2728,hills
2729,hillside
2730,hilly
2731,green
2732,please
2733,pleasant
2734,pleasure
2735,pleases
2736,pleased
2737,pleasing
2738,motor
2739,motors
2740,agency
2741,agent
2742,agencies
2743,encourage
2744,courage
2745,encourages
2746,encouraged
2747,encouraging
2748,encouragement
2751,governors
2752,worry
2753,worrying
2754,worries
2755,worried
2756,affair
2757,affairs
2758,shoulder
2759,shoulders
2760,bright
2761,brighten
2762,mass
2763,sample
2764,samples
2765,pretty
2766,prettily
2767,prettiness
2768,repeat
2769,repetition
2770,repeats
2771,repeated
2772,repeating
2773,roll
2774,rolls
2775,rolled
2776,rolling
2777,roller
2778,push
2779,pushed
2780,pushing
2781,pushes
2782,trip
2783,trips
2784,council
2785,councils
2786,clothe
2787,cloth
2788,clothes
2789,clothing
2790,parent
2791,parents
2792,parental
2793,forward
2794,forwards
2795,sharp
2796,sharpen
2797,sharply
2798,straight
2799,straighten
2800,gas
2801,gases
2802,weight
2803,weigh
2804,weights
2807,discusses
2808,discussed
2809,discussing
2810,fix
2811,fixes
2812,fixed
2813,fixing
2814,load
2815,master
2816,masters
2817,mastered
2818,mastering
2819,masterful
2820,masterly
2821,masterpiece
2822,mastery
2825,round
2826,roundabout
2827,rapid
2828,rapidly
2829,rapidity
2830,laugh
2831,laughter
2832,laughs
2833,laughed
2834,laughing
2835,laughable
2836,finger
2837,fingers
2838,spot
2839,spots
2840,spotted
2841,spotless
2842,propose
2843,proposes
2844,proposed
2845,proposing
2846,shop
2847,shops
2848,shopkeeper
2849,shopkeeping
2850,broad
2851,breadth
2852,broadcast
2853,replace
2854,replaces
2855,replaced
2856,replacing
2857,irreplaceable
2858,reply
2859,replies
2860,replied
2861,replying
2866,extents
2867,lock
2868,locks
2869,locked
2870,locking
2871,unlock
2874,employees
2875,ahead
2876,sight
2877,spread
2878,spreads
2879,spreading
2880,wind
2881,winds
2882,winding
2883,approve
2884,disapprove
2885,approves
2886,approved
2887,approving
2888,approval
2889,destroy
2890,destruction
2891,destructive
2892,destroys
2893,destroyed
2894,destroying
2895,none
2896,pound
2897,pounds
2898,fame
2899,famous
2902,reflect
2903,reflection
2904,reflects
2905,reflecting
2906,reflected
2907,advantage
2908,advantages
2909,match
2910,matches
2911,regular
2912,regularly
2913,regularity
2914,irregular
2915,irregularly
2916,irregularity
2917,wage
2918,wages
2919,refuse
2920,refuses
2921,refused
2922,refusing
2923,refusal
2926,hardly
2929,performs
2930,performed
2931,performing
2932,performer
2933,performers
2934,title
2935,titles
2936,tend
2937,tends
2938,tended
2939,tending
2940,tendency
2941,exercise
2942,exercises
2943,exercised
2944,thin
2945,thinly
2946,thinness
2947,coat
2948,coats
2949,overcoat
2950,bit
2951,bite
2952,mountain
2953,mountains
2954,mount
2955,mountainous
2956,youth
2957,youths
2958,youthful
2959,behavior
2960,behave
2964,newspapers
2965,secret
2966,secrecy
2967,secrets
2970,sea
2971,seas
2972,seaman
2973,seaport
2974,soft
2975,soften
2976,softness
2977,softly
2982,reasonableness
2983,reasonably
2984,circle
2985,circular
2986,circles
2987,solid
2988,solidly
2989,page
2990,pages
2991,weapon
2992,weapons
2993,fast
2996,representatives
2997,search
2998,searches
2999,searched
3000,searching
3001,pure
3002,purely
3003,purity
3004,impure
3005,impurity
3006,escape
3007,escapes
3008,escaped
3009,escaping
3010,crowd
3011,crowds
3012,stick
3013,sticks
3014,sticky
3015,telephone
3016,telephones
3017,avoid
3018,avoidance
3019,avoids
3020,avoided
3021,avoiding
3022,unavoidable
3023,unavoidably
3024,garden
3025,gardens
3026,gardener
3027,favour
3028,favor
3029,favourable
3030,favourably
3034,unless
3035,dinner
3036,dine
3037,dinners
3038,someone
3042,signals
3043,yard
3044,yards
3045,ideal
3046,warm
3047,warmth
3048,warmly
3049,miss
3050,misses
3051,missed
3052,missing
3053,shelter
3054,soldier
3055,soldiers
3056,article
3057,articles
3058,cry
3059,cries
3060,cried
3061,crying
3062,captain
3063,captains
3064,familiar
3065,seat
3066,seats
3067,guest
3068,guests
3069,weak
3070,weaken
3071,weakness
3072,excite
3073,excites
3074,excited
3075,exciting
3076,excitement
3077,king
3078,kingdom
3079,kings
3086,wine
3087,wines
3088,hole
3089,holes
3090,duty
3091,beat
3092,beats
3093,beating
3094,perfect
3095,perfection
3096,perfectly
3097,imperfect
3098,imperfectly
3099,bottom
3100,bottoms
3101,compose
3102,composition
3103,composes
3104,composed
3105,composing
3106,composer
3107,battle
3108,battles
3109,expense
3110,expensive
3111,expenses
3112,cattle
3113,flow
3115,flows
3116,flowing
3117,flowed
3118,kitchen
3119,kitchens
3120,dust
3121,duster
3122,dusty
3123,bottle
3124,bottles
3125,admit
3126,admission
3127,admits
3128,admitted
3129,admitting
3130,tear
3131,tears
3132,tore
3133,torn
3134,tearing
3135,tire
3136,tires
3137,tiring
3138,tired
3141,expressions
3144,exceptions
3147,applications
3148,belong
3149,belongs
3150,belonged
3151,belonging
3152,rich
3153,riches
3156,failures
3157,struggle
3158,struggles
3159,instrument
3160,instruments
3161,instrumental
3164,narrow
3165,narrowly
3166,theatre
3167,theatrical
3168,theatres
3169,theater
3170,theaters
3171,collection
3172,collect
3173,collector
3174,collections
3175,rain
3176,rains
3177,rained
3178,raining
3179,rainy
3180,review
3181,reviews
3182,reviewed
3183,reviewing
3184,preserve
3185,preserves
3186,preserved
3187,preserving
3188,preservation
3191,clay
3192,daughter
3193,daughters
3194,fellow
3195,fellowship
3196,fellows
3197,swing
3198,swings
3199,swung
3200,swinging
3201,thank
3202,thanks
3203,thankful
3204,library
3205,librarian
3206,libraries
3207,fat
3208,fatten
3209,fatness
3210,fatty
3211,reserve
3212,reserves
3213,reserved
3214,reserving
3215,tour
3216,tours
3217,tourist
3218,nice
3219,nicely
3220,warn
3221,warns
3222,warned
3223,warning
3224,ring
3225,ringed
3226,bitter
3227,bitterness
3228,chair
3229,chairman
3230,chairs
3231,yesterday
3235,scientifically
3236,flower
3237,flowers
3238,wheel
3239,wheels
3240,solution
3241,solve
3242,solutions
3243,aim
3244,aims
3245,aimed
3246,aiming
3247,aimless
3248,gather
3249,gathers
3250,gathered
3251,gathering
3252,invite
3253,invited
3254,invites
3255,inviting
3256,invitation
3259,fresh
3260,forest
3261,forests
3262,winter
3263,winters
3264,wintry
3265,box
3266,boxes
3269,beliefs
3270,ordinary
3271,extraordinary
3272,ordinarily
3275,impossibility
3276,print
3277,prints
3278,printed
3279,printing
3280,printer
3281,grey
3282,gray
3283,taste
3284,tastes
3285,tasted
3286,tasting
3287,tasteless
3288,lip
3289,lips
3292,speeches
3295,references
3296,referenced
3297,referencing
3298,stain
3299,stains
3300,connection
3301,connect
3302,connections
3303,connexion
3304,connexions
3307,stretch
3308,stretches
3309,stretched
3310,stretching
3311,knife
3312,knives
3313,village
3314,villages
3315,blow
3316,blows
3317,blowing
3318,blew
3319,mistake
3320,mistakes
3321,unmistakably
3322,sweet
3323,sweeten
3324,sweetly
3325,shout
3326,shouts
3327,shouted
3328,shouting
3331,divides
3332,divided
3333,dividing
3334,guard
3335,guards
3336,worse
3337,worsen
3338,exchange
3339,exchanges
3340,exchanged
3341,exchanging
3342,rare
3343,rarely
3344,commercial
3345,commerce
3346,request
3347,requests
3348,appoint
3349,appoints
3350,appointing
3351,appointed
3352,appointment
3353,appointments
3356,agents
3360,bird
3361,birds
3362,wild
3363,wildly
3364,motion
3365,guess
3366,guesses
3367,guessing
3368,guessed
3369,neighbour
3370,neighbourhood
3371,neighbours
3372,neighbouring
3373,seed
3374,seeds
3375,fashion
3376,fashionable
3377,loan
3378,loans
3379,correct
3380,correction
3381,corrects
3382,corrected
3383,correcting
3384,correctly
3385,incorrect
3386,plain
3387,plainly
3388,mail
3389,retire
3390,retires
3391,retired
3392,retiring
3393,retirement
3394,opposite
3395,oppose
3396,opposition
3397,opposites
3398,prefer
3399,preference
3400,prefers
3401,preferred
3402,preferring
3403,preferable
3404,preferably
3408,evil
3409,double
3410,wood
3411,wooden
3412,woods
3413,wooded
3414,empty
3415,baby
3416,babies
3417,advise
3418,advice
3419,advises
3420,advised
3421,advising
3422,content
3423,discontent
3424,contented
3425,sport
3426,sports
3427,sporting
3428,sportsman
3429,lift
3430,lifts
3433,curious
3434,curiously
3435,curiosity
3436,tie
3437,ties
3438,tied
3439,tying
3440,flat
3441,flatten
3442,message
3443,messenger
3444,messages
3445,neck
3446,necks
3447,necklace
3448,necktie
3449,hate
3450,hates
3451,hated
3452,hating
3453,hateful
3454,dirt
3455,dirty
3456,delight
3457,delightful
3458,delightfully
3459,trust
3460,trusts
3461,trusted
3462,trusting
3463,entrust
3464,trustee
3468,valley
3469,valleys
3470,tool
3471,tools
3474,cook
3475,cooks
3476,cooked
3477,cooking
3478,cookery
3479,railroad
3480,rail
3481,railroads
3482,minister
3483,ministers
3484,coffee
3485,brush
3486,brushes
3487,beside
3488,besides
3492,collects
3493,collected
3494,collecting
3495,guide
3496,guides
3497,luck
3498,unlucky
3499,unluckily
3500,profit
3501,lord
3502,lords
3509,prison
3510,prisons
3511,prisoner
3512,imprison
3513,cloud
3514,clouds
3515,cloudy
3516,slave
3517,slavery
3518,slaves
3521,chairperson
3522,chairwoman
3523,soil
3524,distinguish
3525,distinguishes
3526,distinguishing
3527,distinguished
3528,introduce
3529,introduction
3530,introduces
3531,introduced
3532,introducing
3533,urge
3534,urges
3535,urged
3536,urging
3537,blind
3538,blinds
3539,blinded
3540,blinding
3541,arise
3542,arises
3543,arose
3544,arising
3545,upper
3546,uppermost
3547,curve
3548,curves
3549,curving
3550,curved
3553,key
3554,keys
3555,entertain
3556,entertains
3557,entertained
3558,entertaining
3559,entertainment
3560,soul
3561,souls
3564,neighbourhoods
3568,pair
3569,pairs
3570,stone
3571,stones
3572,lean
3573,leans
3574,leaned
3575,leant
3576,leaning
3577,protect
3578,protection
3579,protects
3580,protected
3581,protecting
3582,advertise
3583,advertises
3584,advertised
3585,advertising
3586,advertisement
3587,mystery
3588,mysterious
3589,welcome
3590,welcomes
3591,welcomed
3592,welcoming
3593,knee
3594,kneel
3595,knees
3596,jump
3597,jumps
3598,jumped
3599,jumping
3600,snake
3601,snakes
3602,stream
3603,streams
3604,avenue
3605,avenues
3606,brown
3607,disease
3608,diseases
3609,diseased
3610,hat
3611,hats
3612,excellent
3613,excellence
3614,excellently
3615,formal
3616,formally
3617,formality
3618,snow
3619,snowy
3620,sheet
3621,sheets
3622,somehow
3627,sky
3628,skies
3629,rough
3630,roughly
3631,roughness
3632,smooth
3633,smoothly
3634,smoothness
3635,weather
3636,steady
3637,steadily
3638,threaten
3639,threat
3640,threatens
3641,threatening
3642,threatened
3649,opposes
3650,opposed
3651,opposing
3652,deliver
3653,delivery
3654,delivers
3655,delivering
3656,delivered
3657,ancient
3658,pray
3659,prays
3660,prayed
3661,praying
3662,prayer
3663,adopt
3664,adoption
3665,adopts
3666,adopted
3667,adopting
3668,birth
3672,appearances
3673,universe
3674,universal
3675,busy
3676,busily
3677,hurry
3678,hurries
3679,hurried
3680,hurrying
3681,coast
3682,coasts
3683,forth
3684,smell
3685,smells
3686,smelled
3687,smelling
3688,furnish
3689,furniture
3690,furnishes
3691,furnished
3692,furnishing
3693,female
3694,females
3695,hide
3696,hides
3697,hid
3698,hiding
3699,wire
3700,wireless
3701,proposal
3702,proposals
3703,ought
3704,victory
3705,victories
3706,victorious
3707,quarter
3708,quarters
3711,engines
3712,customer
3713,custom
3714,waste
3715,wastes
3716,wasted
3717,wasting
3718,wasteful
3719,wastefulness
3720,fool
3721,fools
3722,foolish
3723,foolishness
3724,intend
3725,intention
3726,intends
3727,intended
3728,intending
3731,intentional
3732,intentionally
3733,intentions
3734,desk
3735,desks
3739,passage
3740,passenger
3741,passages
3742,lawyer
3743,lawyers
3744,root
3745,roots
3746,climb
3747,climbed
3748,climbs
3749,climbing
3750,metal
3751,metals
3752,gradual
3753,gradually
3754,hunt
3755,hunts
3756,hunting
3757,hunted
3758,hunter
3759,hunters
3762,satisfy
3763,satisfactory
3764,satisfaction
3765,dissatisfaction
3766,dissatisfy
3767,satisfies
3768,satisfied
3769,satisfying
3770,roof
3771,roofs
3772,branch
3773,branches
3777,displeasure
3778,witness
3779,witnesses
3780,loose
3781,loosen
3782,loosely
3783,nose
3784,noses
3785,mine
3786,mineral
3787,mines
3788,miner
3789,band
3790,bands
3791,aside
3792,risk
3793,risks
3794,risked
3795,risking
3796,risky
3797,tomorrow
3798,remind
3799,reminds
3800,reminding
3801,reminded
3802,ear
3803,ears
3804,fish
3805,fisherman
3806,shore
3807,shores
3811,operators
3812,civilize
3813,civilization
3814,being
3815,silent
3816,silently
3817,screen
3818,screens
3819,screened
3820,screening
3821,bind
3822,bound
3823,binds
3824,binding
3825,earn
3826,earns
3827,earned
3828,earning
3829,earnings
3830,pack
3831,package
3832,packs
3833,packed
3834,packing
3835,packet
3836,colony
3837,colonies
3838,colonist
3839,colonise
3840,colonised
3841,colonial
3844,slip
3845,slippery
3846,slips
3847,slipped
3848,slipping
3849,cousin
3850,cousins
3851,scale
3852,scales
3853,relief
3854,relieve
3855,explore
3856,explores
3857,explored
3858,exploring
3859,stem
3860,stems
3861,brain
3862,brains
3865,musicians
3869,defends
3870,defended
3871,defending
3872,bend
3873,bends
3874,bending
3875,bent
3876,somebody
3877,shadow
3878,shade
3879,shadows
3880,shadowy
3881,mix
3882,mixture
3883,mixes
3884,mixed
3885,mixing
3886,smoke
3887,smokes
3888,smoked
3889,smoker
3890,smoky
3893,descriptions
3894,fruit
3895,guilt
3896,guilty
3897,guiltless
3898,yield
3899,yields
3900,yielding
3903,salt
3904,pale
3905,paleness
3906,sweep
3907,sweeps
3908,swept
3909,sweeping
3912,completions
3913,throat
3914,throats
3915,agriculture
3916,agricultural
3917,admire
3918,admires
3919,admiring
3920,admired
3921,admiration
3922,gentle
3923,gentleman
3924,gentleness
3925,gently
3926,dozen
3929,particles
3933,unpleasant
3934,bay
3935,bays
3936,cup
3937,cups
3938,competition
3939,compete
3940,competitor
3941,competitions
3942,moon
3943,moonlight
3944,moons
3945,terrible
3946,terribly
3947,strip
3948,mechanic
3949,mechanism
3950,mechanics
3951,mechanical
3952,mechanically
3953,shock
3954,shocks
3955,shocked
3956,shocking
3957,conversation
3958,conversational
3959,angle
3960,angles
3961,tall
3962,plenty
3963,plentiful
3964,star
3965,stars
3966,yellow
3967,yellowness
3968,sick
3969,sickness
3970,thorough
3971,thoroughly
3972,absolute
3973,absolutely
3976,succeeds
3977,succeeded
3978,succeeding
3979,successful
3980,successfully
3981,surround
3982,surrounds
3983,surrounded
3984,surrounding
3985,surroundings
3986,proud
3987,pride
3988,proudly
3989,dear
3990,dearly
3991,card
3992,cards
3993,lake
3994,lakes
3995,breath
3996,breathe
3997,afraid
3998,silence
3999,onto
4000,shoe
4001,shoes
4002,shoed
4003,somewhere
4004,chain
4005,chains
4006,slide
4007,slides
4008,slid
4009,sliding
4010,copy
4011,copies
4012,copying
4013,copied
4016,wake
4017,awake
4018,wakes
4019,woke
4020,waking
4021,severe
4022,pocket
4023,pockets
4024,bone
4025,bones
4026,honest
4027,honesty
4028,honestly
4029,freeze
4030,freezes
4031,froze
4032,freezing
4033,dictionary
4034,dictionaries
4035,calm
4036,calmly
4037,calmness
4038,swim
4039,swims
4040,swam
4041,swum
4042,swimming
4043,ice
4044,icy
4045,male
4046,males
4047,skin
4048,skins
4049,crack
4050,cracks
4051,cracking
4052,cracked
4053,rush
4054,rushes
4055,rushed
4056,rushing
4057,wet
4058,meat
4063,joints
4064,jointly
4067,gifts
4068,host
4069,hosts
4070,hostess
4071,suspect
4072,suspicion
4073,suspicious
4074,suspects
4075,suspected
4076,suspecting
4077,path
4078,paths
4079,uncle
4080,uncles
4081,afford
4082,affords
4083,affording
4084,afforded
4085,instant
4086,instantly
4096,track
4097,tracks
4098,tracked
4099,tracking
4100,confidence
4101,confident
4102,confidential
4103,grass
4104,grassy
4107,suggestions
4108,favourite
4109,favourites
4110,breakfast
4111,apart
4112,chest
4115,entrances
4116,march
4117,marches
4118,marching
4119,marched
4120,sink
4121,sinks
4124,northerly
4125,iron
4126,alive
4127,ill
4128,illness
4129,bag
4130,bags
4131,disturb
4132,disturbs
4133,disturbed
4134,disturbing
4135,disturbance
4137,natives
4140,bedrooms
4141,violent
4142,violence
4143,violently
4144,beneath
4145,pause
4146,pauses
4147,tough
4148,substance
4149,substances
4152,threats
4153,charm
4154,charms
4155,charmed
4156,charming
4157,absence
4158,absent
4159,factory
4160,factories
4161,spite
4162,meal
4163,meals
4166,universals
4167,accident
4168,accidents
4169,accidental
4170,accidentally
4175,highways
4176,sentence
4177,sentences
4178,liberty
4179,wise
4180,wisdom
4181,wisely
4182,noise
4183,noises
4184,noisy
4187,discoveries
4188,tube
4189,tubes
4190,flash
4191,flashes
4192,flashed
4193,flashing
4194,twist
4195,twists
4196,twisted
4197,twisting
4198,fence
4199,fences
4202,joy
4203,joyful
4204,sister
4205,sisters
4206,sad
4207,sadden
4208,sadly
4209,sadness
4210,efficiency
4211,efficient
4215,disappears
4216,disappeared
4217,disappearing
4218,defeat
4219,defeats
4220,defeated
4221,defeating
4226,extensively
4227,rent
4228,rents
4229,renting
4230,rented
4233,comparisons
4234,possess
4235,possession
4236,possessor
4237,possesses
4238,possessed
4239,possessing
4240,grace
4241,graceful
4242,flesh
4243,liquid
4247,scientists
4248,ease
4249,eases
4250,easing
4251,eased
4252,heaven
4253,heavenly
4254,milk
4255,milky
4256,sympathy
4257,sympathetic
4258,sympathise
4259,sympathises
4260,rank
4261,ranks
4262,restaurant
4263,restaurants
4266,frequencies
4267,angry
4268,anger
4271,shades
4272,shady
4273,accuse
4274,accuses
4275,accused
4276,accusing
4280,necessities
4281,knock
4282,knocks
4283,knocked
4284,knocking
4285,loud
4286,loudly
4287,permanent
4288,permanently
4289,impermanent
4290,row
4291,rows
4292,rowed
4293,rowing
4296,confuse
4297,confusion
4298,confuses
4299,confused
4300,confusing
4301,gold
4302,golden
4303,frighten
4304,fright
4305,frightens
4306,frightened
4307,frightening
4310,solves
4311,solved
4312,solving
4313,grave
4314,graves
4315,gravestone
4316,salary
4317,salaries
4318,salaried
4319,photograph
4320,photography
4321,photographic
4324,abroad
4325,wound
4326,wounds
4327,wounding
4328,wounded
4329,virtue
4330,virtuous
4331,dare
4332,daring
4333,queen
4334,queens
4335,extra
4336,attract
4337,attraction
4338,attractive
4339,attracts
4340,attracted
4341,attracting
4344,pink
4345,gate
4346,gates
4347,gateway
4350,shut
4351,shuts
4352,shutting
4353,chicken
4354,chickens
4355,forgive
4356,forgives
4357,forgave
4358,forgiveness
4359,holy
4360,holiness
4363,prompt
4364,promptly
4365,promptness
4366,crime
4367,criminal
4368,crimes
4369,sorry
4370,sorrow
4371,sorrowful
4372,sorrowfully
4373,republic
4374,republics
4379,visitors
4380,pile
4381,piles
4384,steel
4385,wing
4386,wings
4387,stair
4388,stairs
4389,staircase
4390,partner
4391,partners
4392,delay
4393,delays
4394,delayed
4395,delaying
4398,gentlemen
4399,pour
4400,pours
4401,poured
4402,pouring
4405,damage
4406,damaged
4407,kick
4408,kicks
4409,kicked
4410,kicking
4414,burst
4415,bursts
4416,network
4417,networks
4418,networked
4419,networking
4420,resistance
4421,resist
4422,screw
4423,screws
4424,screwed
4425,screwing
4430,hire
4431,hires
4432,hired
4433,hiring
4434,verb
4435,verbs
4436,preach
4437,preaches
4438,preached
4439,preaching
4440,preacher
4441,clerk
4442,clerks
4449,anyway
4450,fan
4451,fans
4454,connects
4455,connecting
4456,connected
4457,egg
4458,eggs
4461,efficiently
4462,grain
4463,grains
4464,calculate
4465,calculation
4466,calculator
4467,calculates
4468,calculated
4469,calculating
4470,drag
4471,drags
4472,dragged
4473,dragging
4477,worship
4478,worships
4479,worshipped
4480,worshipping
4481,arrest
4482,arrested
4483,arrests
4484,arresting
4485,discipline
4486,disciplines
4487,string
4488,strings
4489,harbour
4490,harbours
4491,harbor
4492,harbors
4493,camera
4494,cameras
4497,mechanisms
4498,cow
4499,cows
4500,grand
4501,funny
4502,fun
4503,insurance
4504,insure
4507,reductions
4508,strict
4509,strictly
4510,lesson
4511,lessons
4512,tight
4513,tighten
4514,tightly
4515,sand
4516,sandbank
4517,sandhill
4518,sandy
4519,plate
4520,plates
4521,qualify
4522,qualification
4523,qualifies
4524,qualified
4525,qualifying
4528,mad
4529,madly
4530,madman
4531,madmen
4532,madness
4533,interference
4534,interfere
4535,pupil
4536,pupils
4537,fold
4538,folds
4539,folded
4540,folding
4541,royal
4542,royalty
4543,royals
4546,valuables
4547,whisper
4548,whispers
4549,whispering
4550,whispered
4551,anybody
4552,hurt
4553,hurts
4554,hurting
4555,excess
4556,excessive
4557,quantity
4558,quantities
4561,mud
4562,muddy
4567,extensions
4570,kiss
4571,kisses
4572,kissed
4573,kissing
4574,crop
4575,crops
4576,sail
4577,sailor
4578,sails
4579,sailed
4580,sailing
4584,habit
4585,habits
4588,relieves
4589,relieved
4590,relieving
4593,persuade
4594,persuasion
4595,persuades
4596,persuaded
4597,persuading
4600,uncertainty
4603,cloths
4604,eager
4605,eagerly
4606,deserve
4607,deserves
4608,deserved
4609,deserving
4612,sympathetically
4613,cure
4614,cures
4615,cured
4616,curing
4617,trap
4618,traps
4619,trapped
4620,trapping
4621,trapper
4622,puzzle
4623,puzzles
4624,puzzled
4625,puzzling
4626,powder
4627,powdery
4628,raw
4629,rawness
4632,glad
4633,gladly
4634,blame
4635,blames
4636,blamed
4637,blaming
4640,anxiety
4641,anxious
4642,bus
4643,buses
4644,tremble
4645,trembles
4646,sacred
4647,sacrifice
4648,fortunate
4649,fortune
4650,fortunately
4651,glory
4652,glorious
4653,gloriously
4656,neat
4657,neatly
4658,neatness
4662,weekends
4663,treasury
4664,treasure
4668,overcomes
4669,overcame
4670,overcoming
4671,cat
4672,cats
4675,sacrifices
4676,complain
4677,complaint
4678,complains
4679,complained
4680,complaining
4683,elects
4684,elected
4685,electing
4686,roar
4687,roars
4688,roared
4689,roaring
4690,sake
4691,temple
4692,temples
4693,self
4694,selfish
4698,competes
4699,competed
4700,competing
4701,nurse
4702,nursery
4703,nurses
4704,stuff
4705,stomach
4706,stomachs
4707,peculiar
4708,peculiarly
4709,repair
4710,repairs
4711,repaired
4712,repairing
4713,storm
4714,storms
4715,stormy
4716,ton
4717,desert
4718,deserts
4719,deserted
4725,servants
4726,hunger
4727,hungry
4728,conscience
4729,bread
4730,crash
4731,crashes
4732,crashed
4733,crashing
4734,tip
4735,tips
4736,tipped
4737,tipping
4741,strengthens
4742,strengthened
4743,strengthening
4746,proofs
4747,generous
4748,generosity
4749,generously
4750,sir
4753,whip
4754,whips
4755,tongue
4756,tongues
4757,mill
4758,mills
4759,miller
4760,merchant
4761,merchants
4762,coal
4763,ruin
4764,ruins
4767,introductions
4770,courageous
4771,actor
4772,actress
4773,actors
4774,belt
4775,belts
4776,stir
4777,stirs
4778,stirred
4779,stirring
4782,punish
4783,punishes
4784,punished
4785,punishing
4786,punishment
4789,reflections
4792,breathing
4793,anywhere
4794,amuse
4795,amuses
4796,amused
4797,amusing
4798,amusement
4799,dull
4800,dullness
4801,fate
4802,net
4803,nets
4806,fellowships
4807,fault
4808,faultless
4809,faulty
4812,beam
4813,beams
4814,pencil
4815,pencils
4816,border
4817,borders
4818,disappoint
4819,disappoints
4820,disappointed
4821,disappointing
4822,disappointment
4823,flame
4824,flames
4825,flaming
4826,joke
4827,jokes
4828,bless
4829,blesses
4830,blessing
4831,blessed
4832,corn
4833,shell
4834,shells
4835,tempt
4836,tempts
4837,tempter
4838,temptation
4839,supper
4840,suppers
4844,dive
4845,dives
4846,diving
4847,diver
4850,shine
4851,shines
4852,shone
4853,shining
4854,cheap
4855,cheaply
4856,dish
4857,dishes
4860,distantly
4861,greet
4862,greeting
4863,flood
4864,floods
4865,excuse
4866,excuses
4867,insect
4868,insects
4869,ocean
4870,oceans
4871,ceremony
4872,ceremonies
4873,ceremonial
4874,ceremonious
4875,decrease
4876,decreases
4877,decreased
4878,decreasing
4879,prize
4880,prizes
4881,harm
4882,harmful
4883,harmless
4886,insures
4887,insured
4888,insuring
4889,verse
4890,verses
4891,pot
4892,pots
4893,sincere
4894,sincerely
4895,cotton
4896,leaf
4897,leafless
4898,leafy
4899,rub
4900,rubs
4901,rubbed
4902,rubbing
4905,medicines
4906,stroke
4907,strokes
4910,bites
4911,lung
4912,lungs
4913,lonely
4914,loneliness
4917,admissions
4918,stupid
4919,stupidity
4920,stupidly
4921,scratch
4922,scratches
4923,scratched
4924,scratching
4927,compositions
4931,drum
4932,drums
4935,resists
4936,resisting
4937,resisted
4938,neglect
4939,neglects
4940,neglected
4945,passengers
4946,adventure
4947,adventures
4948,beg
4949,begs
4950,begging
4951,begged
4952,beggar
4953,pipe
4954,pipes
4955,beard
4956,beards
4957,bold
4958,boldly
4962,devil
4963,devils
4964,cheer
4965,cheerful
4966,cheerfully
4967,nut
4968,nuts
4969,split
4970,splits
4971,splitting
4972,melt
4973,melts
4974,melted
4975,melting
4976,swear
4977,swears
4978,swearing
4979,swore
4980,sworn
4981,sugar
4982,bury
4983,buries
4984,buried
4985,burying
4986,burial
4987,wipe
4988,wipes
4989,wiped
4990,wiping
4991,faint
4992,faints
4993,fainted
4994,fainting
4995,faintly
4996,faintness
4997,creature
4998,creatures
4999,tail
5000,tails
5001,wealth
5002,wealthy
5003,earnest
5004,translate
5005,translation
5006,translator
5007,translates
5008,translated
5009,translating
5013,suspicions
5014,noble
5015,nobleman
5016,nobleness
5017,nobly
5018,inquiry
5019,inquire
5020,inquiries
5021,journey
5022,journeys
5023,hesitate
5024,hesitation
5025,hesitates
5026,hesitated
5027,hesitating
5030,extraordinarily
5031,borrow
5032,borrows
5033,borrowed
5034,borrowing
5035,owe
5036,owes
5037,owed
5038,owing
5039,funeral
5040,funerals
5041,ambition
5042,ambitious
5043,ambitions
5046,mixtures
5047,slope
5048,slopes
5049,sloped
5050,sloping
5053,criminals
5054,seldom
5055,map
5056,maps
5057,spin
5058,spins
5059,spinning
5060,spun
5061,praise
5062,praises
5063,praised
5064,praising
5065,spare
5066,plough
5067,ploughed
5068,ploughs
5069,ploughing
5070,plows
5071,plowed
5072,plowing
5073,telegraph
5074,barrel
5075,barrels
5078,straightens
5079,straightening
5080,straightened
5081,scarce
5082,scarcity
5083,scarcely
5084,lunch
5085,lunches
5088,creep
5089,creeps
5090,sweat
5091,gay
5092,gaiety
5093,gaily
5094,stiff
5095,stiffen
5096,stiffly
5097,stiffness
5098,brave
5099,bravery
5100,bravely
5101,seize
5102,seizes
5103,seized
5104,seizing
5105,convenient
5106,convenience
5107,horizon
5108,horizontal
5109,horizons
5110,moderate
5111,moderation
5112,moderately
5113,complicate
5114,complication
5115,complicates
5116,complicated
5117,complicating
5118,dig
5119,digs
5120,dug
5121,digging
5122,curse
5123,curses
5126,weighs
5127,weighed
5128,weighing
5129,priest
5130,priests
5133,excessively
5134,quarrel
5135,quarrels
5136,quarrelled
5137,quarrelling
5138,quarrelsome
5139,widow
5140,widower
5141,widows
5142,modest
5143,modesty
5144,modestly
5147,dines
5148,dining
5152,politicians
5158,educates
5159,educating
5160,educated
5161,uneducated
5164,salesmen
5165,nail
5166,nails
5167,tap
5168,taps
5169,tapped
5170,tapping
5171,eastern
5172,easterly
5176,possessions
5184,behaves
5185,behaved
5186,behaving
5187,mercy
5188,merciful
5189,merciless
5190,scatter
5191,scatters
5192,scattered
5193,scattering
5196,objectionable
5197,silver
5198,silvery
5199,tent
5200,tents
5201,saddle
5202,saddles
5203,wrap
5204,wraps
5205,wrapped
5206,wrapping
5207,wrapper
5208,nest
5209,nests
5210,grind
5211,grinds
5212,grindstone
5213,spell
5214,spells
5215,spelled
5216,spelling
5217,plaster
5218,arch
5219,arched
5220,archway
5221,swell
5222,swells
5223,swelled
5224,swelling
5228,friendships
5229,bath
5230,bathe
5231,baths
5232,bundle
5233,bundles
5234,grateful
5235,crown
5236,crowns
5237,boundary
5238,boundaries
5242,asleep
5243,clock
5244,clocks
5245,clockwork
5246,boil
5247,boils
5248,boiled
5249,boiling
5250,boiler
5251,altogether
5252,lend
5253,lends
5254,lent
5255,holiday
5256,holidays
5257,precious
5258,wander
5259,wanders
5260,wandered
5261,wandering
5262,ugly
5263,reputation
5264,reputations
5265,ticket
5266,tickets
5267,pretend
5268,pretense
5269,pretends
5270,pretending
5271,pretended
5272,dismiss
5273,dismisses
5274,dismissed
5275,dismissing
5276,dismissal
5277,delicate
5278,delicately
5279,despair
5280,despairs
5281,despaired
5282,despairing
5285,awoke
5286,awaking
5287,tea
5288,FALSE
5291,fortunes
5292,cap
5293,caps
5294,thread
5295,threads
5296,haste
5297,hasten
5298,hasty
5299,hastily
5300,bare
5301,shirt
5302,shirts
5303,bargain
5304,bargains
5305,leather
5308,rails
5309,railway
5310,butter
5311,dot
5312,dots
5315,inquires
5316,inquired
5317,inquiring
5323,decisively
5324,vessel
5325,vessels
5326,pity
5327,steam
5328,steamer
5329,steamship
5330,pin
5331,pins
5334,bounded
5335,bounds
5336,companion
5337,companionship
5338,companions
5339,toe
5340,toes
5341,reward
5342,rewards
5343,rewarded
5344,rewarding
5345,forbid
5346,forbids
5347,forbidden
5350,tower
5351,towers
5354,bathed
5355,bathes
5356,lodge
5357,lodges
5358,lodging
5359,lodged
5360,swallow
5361,swallowed
5362,swallowing
5363,swallows
5364,multiply
5365,multiplication
5366,multiplies
5367,multiplied
5368,multiplying
5369,bow
5370,bows
5371,bowing
5372,bowed
5375,kingdoms
5376,garage
5377,garages
5380,pump
5381,pumps
5382,pumped
5383,pumping
5386,urgent
5387,urgently
5388,aunt
5389,aunts
5390,zero
5391,idle
5392,idleness
5393,idly
5394,fever
5395,fevers
5396,feverish
5397,feverishly
5398,christmas
5399,regret
5400,regrets
5401,regretted
5402,regretting
5403,jaw
5404,jaws
5405,soap
5406,soapy
5407,pronounce
5408,pronunciation
5409,pronounces
5410,pronounced
5411,pronouncing
5412,mispronounce
5413,empire
5414,empires
5415,bowl
5416,bowls
5421,organ
5422,organs
5423,imitation
5424,imitate
5425,caution
5426,cautious
5429,minerals
5432,disagrees
5433,disagreed
5434,disagreeing
5435,disagreement
5436,blade
5437,blades
5438,trick
5439,tricks
5442,treasurer
5443,treasurers
5444,immense
5447,inconvenience
5448,inconvenient
5451,disapproves
5452,disapproved
5453,disapproving
5454,disapproval
5458,destructively
5459,fork
5460,forks
5461,noon
5464,tune
5465,tunes
5466,polish
5467,polishes
5468,polished
5469,polishing
5470,poison
5471,poisonous
5472,shame
5473,shames
5474,shamed
5475,shaming
5476,shameful
5477,shameless
5478,loyalty
5479,loyal
5480,cottage
5481,cottages
5482,astonish
5483,astonishes
5484,astonished
5485,astonishing
5486,astonishment
5487,shave
5488,shaves
5489,shaved
5490,shaving
5491,feather
5492,feathers
5493,sauce
5494,sauces
5495,lid
5496,lids
5497,debt
5498,debts
5499,fade
5500,fades
5501,faded
5502,fading
5503,confess
5504,confession
5505,confesses
5506,confessed
5507,confessing
5511,descend
5512,descendant
5513,descent
5514,descends
5515,descended
5516,descending
5517,cape
5518,capes
5519,mild
5520,mildly
5521,mildness
5522,clever
5523,envelope
5524,envelopes
5525,invention
5526,invent
5527,inventor
5528,inventions
5529,sheep
5530,splendid
5531,splendidly
5532,stamp
5533,stamps
5534,float
5535,floats
5536,floating
5537,floated
5538,brick
5539,bricks
5540,rice
5544,businessmen
5545,businesswoman
5546,businesswomen
5551,qualifications
5552,artificial
5556,lamp
5557,lamps
5558,curl
5559,curls
5560,curling
5561,curled
5562,curly
5563,shower
5564,showers
5565,elder
5566,bunch
5567,bunches
5568,bell
5569,bells
5570,steer
5571,steers
5572,steered
5573,steering
5574,flavor
5575,spit
5576,spits
5577,spat
5578,spitting
5579,rob
5580,robs
5581,robbed
5582,robbing
5583,cream
5584,interrupt
5585,interruption
5586,interrupts
5587,interrupted
5588,interrupting
5589,pen
5590,pens
5591,weave
5592,weaves
5593,wove
5594,woven
5595,orange
5596,oranges
5597,rescue
5598,rescues
5599,rescued
5600,rescuing
5601,crush
5602,crushes
5603,crushed
5604,crushing
5605,humble
5606,humbly
5607,fancy
5608,fanciful
5609,decay
5610,decays
5611,decaying
5612,decayed
5613,polite
5614,politely
5615,politeness
5616,tribe
5617,tribes
5620,bleeds
5621,coin
5622,coins
5623,fond
5624,autumn
5628,classified
5629,classifying
5630,omit
5631,omits
5632,omitted
5633,omitting
5636,needle
5637,needles
5640,lessens
5641,lessened
5642,lessening
5645,complaints
5646,pad
5647,pads
5648,padded
5649,padding
5650,steep
5651,skirt
5652,skirts
5653,curtain
5654,curtains
5660,solemn
5661,solemnly
5662,grease
5663,greasy
5666,interferes
5667,interfered
5668,interfering
5669,explode
5670,explosion
5671,explodes
5672,exploded
5673,exploding
5674,fasten
5675,fastener
5676,flag
5677,flags
5678,resign
5679,resigned
5680,resigns
5681,resigning
5682,resignation
5683,postpone
5686,boast
5687,boasts
5688,boasting
5689,boasted
5690,boastful
5691,rope
5692,ropes
5693,envy
5694,envies
5695,envied
5696,envious
5697,aeroplane
5698,airplane
5699,aeroplanes
5700,airplanes
5701,rid
5702,rids
5703,shield
5704,shields
5705,shielded
5706,shielding
5707,veil
5708,veils
5711,kneels
5712,kneeled
5713,kneeling
5714,tray
5715,trays
5716,explosive
5717,explosively
5718,brass
5719,taxi
5720,taxis
5721,wax
5722,duck
5723,ducks
5724,button
5725,buttons
5726,buttoned
5727,buttoning
5728,unbutton
5732,invents
5733,invented
5734,inventing
5735,remedy
5736,remedies
5737,bush
5738,bushes
5739,thunder
5742,weakens
5743,weakened
5744,weakening
5747,scrape
5748,scrapes
5749,scraped
5750,scraping
5751,arrow
5752,arrows
5753,tender
5754,tenderly
5755,tenderness
5756,cruel
5757,cruelly
5758,cruelty
5761,softens
5762,softening
5763,softened
5764,mouse
5765,mice
5766,hay
5767,anyhow
5768,alike
5771,juice
5772,juicy
5773,shelf
5774,shelves
5775,bake
5776,bakes
5777,baked
5778,baking
5779,hatred
5782,cautiously
5783,basket
5784,baskets
5785,wreck
5786,wrecked
5787,wrecking
5788,wreckage
5795,confidents
5796,log
5797,logs
5798,heap
5799,heaps
5800,suck
5801,sucks
5802,sucked
5803,sucking
5804,ladder
5805,ladders
5806,gap
5807,gaps
5808,obey
5809,obedience
5810,obedient
5811,obeyed
5812,obeys
5813,obeying
5814,hut
5815,huts
5816,axe
5817,axes
5821,translations
5822,collar
5823,collars
5826,deliveries
5827,reproduce
5828,reproduction
5829,reproduces
5830,reproduced
5831,reproducing
5834,confessions
5835,pan
5836,pans
5837,prejudice
5838,prejudiced
5839,unprejudiced
5840,voyage
5841,voyages
5842,tobacco
5845,paste
5846,pastes
5847,pasted
5848,pasting
5849,cake
5850,cakes
5851,elephant
5852,elephants
5853,ribbon
5854,ribbons
5855,harvest
5856,ashamed
5857,cave
5858,caves
5859,customary
5860,thief
5861,thieves
5862,damp
5863,sew
5864,sews
5865,sewing
5866,sewn
5867,rust
5868,rusty
5871,separations
5874,waiters
5875,waitress
5876,waitresses
5877,pet
5878,pets
5879,straw
5880,straws
5881,upset
5882,upsets
5883,upsetting
5884,towel
5885,towels
5886,refresh
5887,refreshing
5888,refreshed
5889,refreshes
5890,refreshment
5891,refreshments
5894,fur
5900,defendants
5904,dip
5905,dips
5906,dipped
5907,dipping
5911,suspiciously
5915,ash
5916,carriage
5917,carriages
5921,educators
5922,saw
5923,saws
5924,sawed
5925,sawn
5926,sawdust
5927,sawmill
5928,stove
5929,stoves
5930,rubber
5931,rug
5932,rugs
5933,misery
5934,miserable
5935,awkward
5936,awkwardly
5937,awkwardness
5938,rival
5939,rivalry
5940,rivals
5941,roast
5942,roasting
5943,roasted
5944,deed
5945,deeds
5948,preferences
5951,explosions
5954,theatrically
5955,cultivate
5956,cultivation
5957,cultivator
5958,cultivates
5959,cultivating
5960,cultivated
5964,collectors
5967,miserably
5968,wrist
5969,wrists
5970,rabbit
5971,rabbits
5972,accustom
5973,tide
5974,tides
5975,tidal
5976,insult
5977,insults
5978,insulted
5979,insulting
5980,thumb
5981,thumbs
5982,lump
5983,lumps
5984,annoy
5985,annoyance
5986,annoyed
5987,annoys
5988,annoying
5989,toy
5990,toys
5993,heals
5994,healed
5995,healing
5996,shallow
5997,shallowness
6000,repetitions
6001,soup
6002,whistle
6003,whistles
6004,whistling
6007,apple
6008,apples
6009,offence
6010,offend
6011,offense
6012,cork
6013,corkscrew
6014,ripe
6015,ripen
6016,temper
6017,sore
6018,pinch
6019,pinches
6020,diamond
6021,diamonds
6022,razor
6023,razors
6027,imaginatively
6028,hook
6029,hooks
6030,copper
6033,landlords
6036,influentially
6037,rot
6038,rots
6039,rotted
6040,rotting
6041,hollow
6042,hollows
6043,enclose
6044,enclosure
6045,encloses
6046,enclosed
6047,enclosing
6050,hardens
6051,hardened
6052,hardening
6053,wicked
6054,wickedly
6055,wickedness
6058,stiffens
6059,stiffening
6060,stiffened
6061,silk
6062,silkworm
6063,silky
6064,upright
6067,stripe
6068,striped
6069,pig
6070,pigs
6071,inward
6072,inwards
6073,inwardly
6076,rake
6077,rakes
6078,raking
6079,raked
6080,purple
6083,hastens
6084,hastened
6085,hastening
6088,shortens
6089,shortened
6090,shortening
6091,applause
6092,applaud
6093,ache
6094,aches
6095,apology
6096,apologies
6097,knot
6098,knots
6099,nephew
6100,nephews
6101,cushion
6102,cushions
6103,cushioned
6104,drown
6105,drowns
6106,drowning
6107,drowned
6110,nurseries
6111,pint
6112,pints
6113,fierce
6114,fiercely
6117,imitates
6118,imitated
6119,imitating
6120,aloud
6123,robbery
6124,robberies
6127,tightens
6128,tightened
6129,tightening
6132,imperfection
6133,scorn
6134,scornful
6138,trunk
6139,trunks
6140,wool
6141,woolen
6142,woollen
6143,woolly
6146,sailors
6150,competitors
6153,deer
6154,bean
6155,beans
6162,drawer
6163,drawers
6166,disregards
6167,disregarded
6168,disregarding
6171,patriotic
6172,tin
6173,tins
6174,tinned
6175,penny
6176,pennyworth
6177,cage
6178,cages
6179,pardon
6180,pardoned
6181,pardons
6182,pardoning
6183,unpardonable
6188,offends
6189,offended
6190,offending
6191,coarse
6192,spoil
6193,spoils
6194,spoilt
6195,spoiling
6198,horizontally
6199,sting
6200,stings
6201,stung
6202,ditch
6203,ditches
6206,librarians
6210,cough
6211,coughs
6212,coughed
6213,coughing
6214,deaf
6215,deafen
6216,sword
6217,swords
6220,messengers
6221,vain
6222,vainly
6223,castle
6224,castles
6225,elastic
6226,elasticity
6227,comb
6228,combs
6229,rod
6230,rods
6234,widens
6235,widened
6236,widening
6242,inventors
6243,cliff
6244,cliffs
6245,umbrella
6246,umbrellas
6249,interruptions
6250,merry
6251,merrily
6252,gallon
6253,gallons
6254,conquest
6255,conquer
6256,conqueror
6257,conquests
6261,headaches
6262,tailor
6263,tailors
6264,bucket
6265,buckets
6266,scent
6270,signatures
6271,cart
6272,carts
6275,darkens
6276,darkened
6277,darkening
6278,sometime
6281,applauds
6282,applauding
6283,applauded
6286,hello
6287,pretence
6289,pretences
6291,pretenses
6295,descents
6299,conquers
6300,conquered
6301,conquering
6304,frameworks
6308,confidentially
6311,adoptions
6312,disgust
6313,disgusts
6314,disgusted
6315,disgusting
6316,waist
6317,waists
6318,waistcoat
6321,momentarily
6324,receipts
6325,pearl
6326,pearls
6327,ray
6328,rays
6329,lazy
6330,limb
6331,limbs
6332,grammatical
6333,grammar
6334,beast
6335,beasts
6336,monkey
6337,monkeys
6338,jewel
6339,jewels
6345,sock
6346,socks
6347,vowel
6348,vowels
6349,hammer
6350,hammers
6351,hammered
6352,hammering
6353,inn
6354,chimney
6355,chimneys
6360,ornament
6361,ornaments
6370,sharpens
6371,sharpening
6372,sharpened
6378,handkerchiefs
6379,greed
6380,greedy
6381,greedily
6384,thirst
6385,thirsty
6386,niece
6387,nieces
6388,spill
6389,spills
6390,spilling
6391,loaf
6392,loaves
6393,wheat
6394,worm
6395,worms
6398,rude
6399,rudely
6400,rudeness
6405,heightens
6406,heightened
6407,heightening
6412,loosens
6413,loosened
6414,loosening
6415,cheese
6418,rivalries
6421,royalties
6424,discontented
6427,complications
6430,indoor
6431,indoors
6432,flour
6435,actresses
6436,congratulation
6437,congratulate
6438,congratulations
6439,ounce
6440,ounces
6441,fry
6442,fries
6443,fried
6444,frying
6447,goat
6448,goats
6449,ink
6450,inky
6451,disappearance
6454,disappearances
6459,thickens
6460,thickening
6461,thickened
6464,spoon
6465,spoons
6466,spoonful
6467,strap
6468,straps
6469,deceive
6470,deceit
6471,deceives
6472,deceived
6473,deceiving
6476,revenge
6479,corrections
6483,descendants
6486,hesitations
6487,spade
6488,spades
6489,basin
6490,basins
6491,weed
6492,weeds
6493,omission
6494,omissions
6497,bicycle
6498,bicycles
6504,photographs
6505,coward
6506,cowardice
6507,cowardly
6508,mat
6509,mats
6510,rejoice
6511,rejoices
6512,rejoiced
6513,rejoicing
6514,cheat
6515,cheats
6516,cheated
6517,cheating
6520,congratulates
6521,congratulated
6522,congratulating
6525,discomforts
6526,discomforted
6527,discomforting
6530,enclosures
6534,attentively
6535,paw
6536,paws
6541,overflows
6542,overflowed
6543,overflowing
6546,dissatisfies
6547,dissatisfied
6548,dissatisfying
6553,tidy
6554,tidies
6555,tidied
6556,tidying
6557,bribe
6558,bribery
6559,bribes
6560,bribing
6561,bribed
6562,mend
6563,mends
6564,mended
6565,mending
6566,stocking
6567,stockings
6568,feast
6569,feasts
6570,feasting
6571,nuisance
6572,nuisances
6573,thorn
6574,thorns
6575,tame
6578,inclusively
6588,chalk
6589,sour
6592,procession
6593,processions
6596,ripens
6597,ripened
6598,ripening
6599,jealous
6600,jealousy
6609,homecomings
6610,barber
6611,barbers
6614,whitens
6615,whitening
6616,whitened
6617,berry
6618,berries
6621,lightens
6622,lightened
6623,lightening
6624,pigeon
6625,pigeons
6626,hinder
6627,hindrance
6628,hinders
6629,hindered
6630,hindering
6633,baggage
6634,noun
6635,nouns
6645,rubbish
6653,deepens
6654,deepened
6655,deepening
6656,pastry
6657,pastries
6658,cupboard
6659,cupboards
6660,quart
6661,quarts
6662,quarterly
6663,headquarters
6664,canal
6665,canals
6668,notebooks
6671,deceits
6672,deceitful
6673,parcel
6674,parcels
6677,brightens
6678,brightened
6681,punctual
6682,punctuality
6683,punctually
6684,hurrah
6685,lipstick
6690,fattens
6691,fattened
6692,fattening
6696,conquerors
6699,hindrances
6705,obediently
6706,saucer
6707,saucers
6708,madden
6709,maddens
6710,maddened
6711,maddening
6712,scold
6713,scolds
6714,scolded
6715,scolding
6719,weekdays
6720,rotten
6723,disrespects
6724,disrespected
6725,disrespecting
6726,disrespectful
6731,deafens
6732,deafening
6733,deafened
6734,donkey
6735,donkeys
6739,unbusinesslike
6745,saddens
6746,saddened
6747,saddening
6753,handshakes
6760,headdresses
6761,scissors
6768,possessors
6769,shilling
6770,shillings
6773,reddens
6774,reddened
6775,reddening
6779,whose
6792,electricians
6793,oar
6794,oars
6799,sweetens
6800,sweetened
6801,sweetening
6802,sow
6803,sows
6804,sown
6805,sowing
6808,beak
6809,beaks
6810,plural
